Points:0;Points:1;Points:2;Young Modulus
-45;-15;40;414448
-40;-10;35;529045
-45;-10;40;526132
-40;-10;40;362887
-45;-10;45;305014
-45;-5;45;503212
-45;-5;50;290859
-40;-5;45;305014
-45;-30;10;317906
-45;-25;10;357295
-45;-25;15;487953
-40;-25;10;441022
-40;-15;5;267699
-40;-10;10;263589
-45;-15;10;232499
-40;-15;10;282408
-45;-5;40;489653
-40;-5;40;526132
-40;-5;35;529514
-40;-15;15;384778
-45;-20;15;561071
-40;-20;10;398202
-40;-25;5;313076
-40;-25;50;374052
-40;-25;45;390759
-40;-20;50;329587
-35;-20;45;334709
-40;-10;15;339667
-45;-15;15;432200
-40;-75;55;411426
-35;-70;55;385831
-40;-75;60;265250
-35;-75;55;432789
-40;-20;15;514689
-35;-5;40;414448
-35;-5;35;548338
-30;-5;35;541384
-35;-10;40;435801
-30;-5;40;517903
-45;-30;35;378043
-40;-25;35;469057
-45;-30;40;478233
-40;-30;35;432226
-45;-10;10;307931
-45;-5;10;514185
-45;-5;15;407987
-40;-5;10;307931
-45;-25;50;366239
-45;-25;45;434337
-45;-20;50;409272
-40;-20;45;437814
-45;-10;20;427950
-45;-5;20;465123
-45;-5;25;386711
-40;-5;20;427950
-45;-10;35;529514
-45;-5;35;486625
-45;-10;25;464736
-45;-5;30;428188
-40;-5;25;464736
-45;-10;30;527676
-40;-5;30;527676
-35;-5;45;389051
-35;-25;50;355080
-35;-25;45;327603
-35;-20;50;309947
-30;-20;45;297715
-45;-20;30;532952
-40;-15;25;543360
-45;-15;30;562944
-40;-15;30;543198
-45;-10;15;395592
-40;-5;15;395592
-45;-20;25;562587
-45;-15;25;563433
-40;-30;60;447480
-40;-25;65;206354
-45;-30;65;348384
-40;-30;65;317585
-30;-30;75;609253
-30;-25;80;519776
-35;-30;80;336654
-30;-30;80;482460
-30;-70;55;451514
-35;-75;60;381043
-30;-75;55;514127
-45;-25;20;538674
-45;-20;20;596549
-40;-20;20;573733
-35;-15;10;380420
-35;-15;15;427747
-45;-15;20;559526
-45;-25;25;474810
-40;-20;25;524600
-40;-10;25;503104
-40;-10;20;466059
-40;-15;20;491224
-40;-85;15;532113
-40;-80;20;371799
-45;-85;20;499025
-40;-85;20;484190
-40;-35;30;302329
-35;-30;30;455627
-40;-35;35;384372
-35;-35;30;333439
-30;-25;50;407885
-30;-25;45;240120
-30;-20;50;319347
-25;-20;45;240120
-40;-30;5;281622
-40;-30;10;247547
-45;-20;10;379459
-45;-80;65;185295
-45;-75;65;235424
-45;-75;70;194937
-40;-75;65;242926
-35;-5;15;432200
-35;-5;20;559526
-45;-30;25;318612
-45;-30;20;359631
-40;-25;20;534427
-40;-10;30;520976
-40;-10;45;374229
-45;-20;5;256349
-40;-20;5;409578
-45;-30;60;449616
-45;-30;55;498577
-45;-25;60;369513
-40;-25;55;410669
-45;-30;30;370141
-45;-25;35;522448
-40;-25;30;505242
-45;-25;40;499606
-45;-25;30;505778
-45;-10;50;306279
-40;-25;40;459841
-35;-20;40;464116
-40;-5;50;306279
-40;-30;15;358231
-35;-25;10;418657
-40;-25;15;514613
-35;-25;15;453577
-35;-15;20;513851
-35;-15;25;506865
-45;-20;35;541384
-45;-15;35;548338
-40;-15;35;484045
-45;-20;40;517903
-40;-15;40;435801
-45;-20;45;410571
-45;-15;45;389051
-40;-15;45;392776
-45;-30;45;451088
-40;-30;40;443011
-40;-10;50;237910
-45;-15;50;290336
-40;-15;50;337022
-45;-75;45;514452
-45;-70;45;160044
-45;-70;50;343164
-40;-70;45;238354
-45;-80;25;245621
-45;-75;25;230088
-45;-75;30;213015
-40;-75;25;222631
-45;-35;20;126630
-40;-30;20;463297
-45;-30;50;391197
-40;-30;45;442843
-45;-40;55;185606
-40;-35;50;481135
-45;-35;55;487364
-40;-35;55;476299
-40;-30;55;487490
-45;-35;60;220839
-45;-25;55;422346
-45;-20;55;352288
-40;-30;50;419363
-35;-25;55;442091
-35;-20;55;381945
-45;-5;55;399131
-45;-30;15;246680
-40;-20;30;536781
-40;-20;35;513953
-45;-15;55;235233
-40;-20;40;492244
-45;-20;60;206803
-45;-15;60;235908
-40;-15;55;322888
-45;-35;50;470865
-40;-20;55;355541
-45;-75;40;403159
-45;-70;40;184081
-40;-70;40;169396
-40;-35;20;252175
-40;-30;25;398627
-45;-35;25;131095
-40;-35;25;205927
-40;-25;25;506967
-35;-20;20;530255
-35;-10;15;384778
-25;-5;35;522448
-30;-10;40;492244
-25;-5;40;499606
-45;-35;45;484593
-40;-35;45;477635
-40;-25;60;381456
-45;-35;40;523647
-40;-35;40;449958
-35;-25;40;359839
-30;-20;40;350260
-35;-15;5;300006
-35;-10;35;484045
-35;-10;30;543198
-35;-15;30;519513
-35;-10;45;392776
-40;-30;70;276150
-35;-25;65;382119
-40;-25;70;189864
-35;-25;70;413191
-40;-20;65;158010
-45;-25;65;240935
-30;-10;45;437814
-25;-10;40;459841
-40;-15;60;223922
-45;-35;35;354210
-45;-35;30;210825
-40;-30;30;379620
-40;-20;60;287054
-35;-15;50;315140
-35;-10;55;322888
-35;-15;55;392274
-35;-15;35;492443
-35;-15;40;474460
-35;-70;60;388533
-35;-75;40;344667
-30;-70;35;192907
-35;-70;40;173193
-30;-70;40;160317
-35;-10;60;223922
-35;-15;60;368697
-45;-40;40;201812
-45;-40;35;242997
-45;-75;50;391051
-40;-70;50;210956
-45;-75;55;287060
-40;-75;50;395914
-30;-20;70;449684
-25;-15;70;413191
-30;-20;75;571651
-25;-20;70;587133
-35;-25;30;503027
-35;-15;45;432184
-35;-10;50;337022
-40;-40;45;300029
-35;-35;45;370771
-40;-40;50;244193
-35;-40;45;258688
-20;-5;35;378043
-20;-5;40;478233
-35;-30;40;331061
-40;-40;40;244974
-35;-35;40;325934
-35;-40;40;261840
-35;-20;60;421700
-40;-85;30;431320
-40;-80;35;427614
-45;-85;35;425628
-40;-85;35;421575
-35;-70;65;360235
-40;-75;70;130560
-35;-75;65;287377
-40;-40;30;137067
-40;-40;35;172213
-35;-10;20;491224
-45;-40;45;336130
-45;-40;50;437354
-35;-20;15;512959
-40;-40;55;309523
-35;-25;20;493179
-35;-30;15;372283
-35;-30;20;419284
-35;-35;15;204812
-30;-25;55;461355
-30;-20;55;445587
-25;-20;50;407885
-40;-75;40;368415
-40;-75;45;375205
-35;-10;10;282408
-35;-20;25;486720
-35;-20;30;522037
-35;-20;35;526515
-35;-35;50;444255
-35;-40;50;295049
-35;-80;40;403256
-40;-85;40;490218
-35;-80;35;491038
-35;-85;35;465350
-35;-30;55;469117
-45;-90;20;476422
-45;-90;15;538020
-35;-20;10;413516
-35;-25;5;513365
-35;-5;30;562944
-35;-5;25;563433
-35;-10;25;543360
-30;-5;5;256349
-35;-5;10;232499
-30;-5;10;379459
-30;-5;15;561071
-35;-30;25;344185
-35;-35;25;258408
-35;-25;60;402055
-35;-30;60;452866
-35;-30;35;439900
-35;-35;35;316035
-30;-25;40;300782
-25;-20;40;300782
-35;-30;10;319687
-35;-10;5;267699
-25;-10;30;505242
-25;-5;30;505778
-20;-5;30;370141
-25;-5;5;431520
-30;-10;10;398202
-25;-5;10;357295
-35;-20;5;257551
-30;-15;5;257551
-30;-75;80;346701
-25;-70;80;465970
-30;-75;85;343110
-25;-75;80;474507
-30;-10;35;513953
-30;-10;30;536781
-30;-15;30;522037
-30;-5;45;410571
-20;-35;35;131237
-20;-30;40;190494
-25;-35;40;171834
-20;-35;40;154706
-45;-25;5;431520
-35;-25;35;483458
-35;-25;25;442623
-30;-15;55;381945
-30;-10;60;287054
-30;-15;60;421700
-40;-35;60;323689
-35;-35;55;450976
-40;-75;30;293197
-35;-70;30;224245
-40;-75;35;409975
-35;-75;30;395867
-25;-30;75;572550
-25;-25;80;566531
-25;-30;80;481070
-35;-30;50;418089
-30;-10;15;514689
-25;-70;55;464090
-30;-75;60;371911
-25;-75;55;521458
-40;-85;50;252392
-40;-80;55;436179
-45;-85;55;350517
-40;-85;55;343363
-40;-80;25;348871
-45;-80;30;288832
-40;-80;30;385251
-30;-20;20;487891
-35;-30;5;417356
-35;-5;55;235233
-30;-5;50;409272
-45;-85;25;352076
-25;-5;45;434337
-30;-75;45;267740
-25;-70;40;131270
-30;-70;45;351032
-25;-70;45;422214
-30;-25;75;590950
-30;-20;80;349906
-35;-25;80;197504
-30;-5;20;596549
-35;-70;45;277705
-35;-75;45;268908
-35;-70;50;368018
-35;-75;50;341337
-30;-10;5;409578
-45;-80;60;208574
-45;-75;60;250818
-45;-45;45;153791
-35;-5;50;290336
-35;-80;65;246423
-35;-75;70;320625
-30;-75;65;309323
-40;-70;35;168157
-40;-70;55;213988
-40;-70;60;148817
-40;-70;65;106882
-35;-30;45;317841
-35;-30;85;198611
-45;-75;35;347651
-30;-40;75;421471
-25;-35;75;502821
-30;-40;80;331339
-25;-40;75;351632
-40;-70;30;124959
-45;-80;35;440881
-35;-40;30;112313
-35;-40;35;102189
-25;-10;35;469057
-45;-80;40;416393
-45;-80;45;510010
-45;-80;50;347823
-45;-80;55;342540
-30;-25;10;294959
-30;-25;15;402474
-35;-70;35;209942
-35;-75;35;332350
-25;-20;5;242184
-25;-15;5;513365
-25;-15;10;418657
-20;-15;5;417356
-35;-30;65;424694
-35;-30;70;497477
-30;-25;70;587133
-35;-30;75;485600
-30;-30;70;581449
-40;-85;45;405493
-40;-80;50;297626
-45;-85;50;291502
-40;-35;65;305789
-40;-35;70;216822
-40;-40;60;197244
-35;-40;55;348525
-30;-10;50;329587
-45;-90;10;526826
-45;-90;5;299699
-45;-85;10;408433
-40;-85;5;398418
-35;-70;25;132880
-35;-75;25;257011
-40;-80;40;460913
-45;-85;40;470062
-40;-70;70;142922
-35;-70;70;341480
-40;-30;75;195840
-40;-80;45;398624
-45;-85;45;526083
-40;-85;25;391177
-45;-85;30;399766
-40;-90;45;375060
-45;-95;45;229740
-40;-90;40;439490
-40;-95;40;332199
-40;-90;50;200332
-45;-95;50;106470
-40;-95;45;204654
-40;-80;60;298720
-30;-70;65;388391
-30;-70;70;426699
-35;-20;70;266911
-45;-85;15;619340
-45;-80;15;324969
-40;-80;10;318101
-40;-90;5;442731
-40;-80;15;413861
-40;-75;20;221346
-40;-80;65;149078
-45;-95;5;323267
-45;-95;20;490436
-45;-95;15;378107
-40;-90;15;546476
-45;-80;20;342272
-40;-90;10;458476
-40;-95;10;367358
-35;-20;65;280132
-20;-10;35;432226
-15;-5;30;210825
-15;-5;35;354210
-40;-85;10;569600
-45;-90;25;450396
-45;-95;40;417667
-40;-90;35;380828
-40;-95;35;375804
-25;-30;70;559015
-25;-25;70;577234
-25;-25;75;608444
-20;-25;70;559015
-45;-90;30;465411
-45;-90;35;454924
-35;-85;40;414622
-45;-90;40;501655
-30;-35;80;430679
-35;-40;80;192102
-45;-90;45;328358
-45;-90;50;186555
-45;-90;55;280362
-35;-35;60;416739
-40;-40;65;143523
-35;-35;65;378804
-40;-40;70;111309
-35;-35;70;525229
-30;-30;25;317168
-30;-35;25;189506
-30;-80;40;333185
-30;-80;35;452692
-30;-85;35;462842
-40;-95;15;404541
-45;-100;15;280613
-40;-100;10;257246
-40;-95;25;428770
-45;-100;25;325347
-40;-95;20;433917
-40;-100;20;437565
-40;-95;30;503458
-45;-100;30;400036
-40;-100;25;457966
-45;-100;35;293550
-40;-100;30;496818
-40;-90;30;474900
-45;-95;30;494212
-40;-90;25;410850
-45;-100;40;257279
-40;-100;35;354718
-45;-100;45;253389
-40;-100;40;299215
-30;-65;90;467807
-25;-60;85;568647
-30;-60;90;571936
-25;-60;90;745066
-45;-95;10;312198
-45;-95;35;400971
-45;-95;25;494704
-40;-90;20;483280
-35;-40;90;278423
-30;-35;85;389293
-35;-35;90;256266
-30;-35;90;404704
-35;-75;80;257109
-35;-75;75;266795
-35;-70;80;283569
-30;-70;75;404122
-30;-20;5;430009
-30;-15;10;413516
-30;-30;35;365106
-30;-35;35;244202
-45;-100;20;414822
-40;-100;15;296964
-35;-40;85;182502
-35;-35;85;199342
-30;-25;65;447698
-30;-30;65;434350
-20;-35;45;256987
-20;-30;50;454019
-25;-35;50;426026
-20;-35;50;371169
-30;-70;60;371483
-40;-95;5;200157
-40;-90;55;227012
-25;-5;15;487953
-30;-10;20;573733
-25;-10;15;514613
-35;-40;75;338406
-30;-35;75;530846
-30;-30;50;445714
-40;-95;50;110987
-20;-20;55;455076
-20;-20;50;445714
-20;-15;55;469117
-15;-15;50;444255
-30;-100;5;442731
-30;-100;10;458476
-35;-105;10;312198
-30;-105;5;299699
-45;-105;30;401233
-45;-105;25;83389
-45;-105;35;64696
-45;-105;40;369774
-15;-10;55;476299
-15;-15;55;450976
-30;-30;10;244112
-40;-105;20;414822
-40;-105;25;325347
-35;-80;25;364158
-40;-105;30;400036
-40;-105;35;293550
-40;-105;40;257279
-30;-30;45;268715
-30;-30;55;455076
-30;-30;60;425139
-35;-35;75;464450
-35;-35;20;268287
-30;-15;20;530255
-30;-10;25;524600
-25;-10;25;506967
-25;-5;25;474810
-20;-5;25;318612
-30;-15;15;512959
-30;-25;25;370956
-30;-25;35;424541
-25;-15;55;442091
-25;-10;60;381456
-25;-15;60;402055
-30;-20;60;452332
-25;-10;10;441022
-20;-5;10;317906
-30;-5;25;562587
-35;-5;60;235908
-30;-5;55;352288
-30;-5;30;532952
-35;-45;90;171164
-35;-45;85;195448
-30;-40;85;404875
-30;-70;30;191944
-30;-75;30;320676
-30;-5;60;206803
-35;-15;65;144534
-30;-75;75;433713
-35;-25;75;302543
-30;-10;55;355541
-35;-35;80;215872
-20;-25;80;481070
-20;-25;75;572550
-20;-20;80;482460
-15;-20;75;530846
-30;-45;95;534152
-35;-50;95;212187
-30;-45;90;460468
-30;-50;90;572618
-35;-40;95;336371
-30;-40;90;405468
-30;-25;30;486001
-30;-25;20;420455
-30;-20;25;463576
-25;-20;20;420455
-25;-5;50;366239
-30;-75;70;384424
-35;-40;65;344288
-35;-40;70;489199
-30;-35;70;580894
-30;-15;25;486720
-30;-35;55;442315
-20;-10;40;443011
-15;-5;40;523647
-30;-15;35;526515
-35;-40;60;340864
-30;-15;40;464116
-30;-10;65;158010
-30;-15;65;280132
-30;-30;40;256667
-25;-15;65;382119
-25;-10;70;189864
-30;-15;70;266911
-20;-25;55;428067
-20;-20;60;425139
-25;-25;60;423903
-20;-25;60;371016
-30;-30;85;378756
-30;-25;60;431348
-25;-5;20;538674
-30;-55;90;701182
-30;-55;85;604694
-25;-50;85;492211
-25;-10;5;313076
-30;-20;15;472093
-30;-30;15;317960
-30;-15;45;334709
-30;-15;50;309947
-30;-40;100;307603
-25;-35;95;466165
-30;-35;100;304798
-25;-35;100;582033
-25;-10;50;374052
-30;-75;40;287806
-30;-80;65;248881
-25;-75;65;350178
-30;-50;95;768947
-35;-55;95;259958
-30;-20;30;512025
-30;-20;35;495614
-30;-35;50;427405
-30;-40;50;408446
-35;-45;75;239194
-35;-45;80;196967
-30;-45;75;265346
-35;-80;30;428566
-35;-85;15;467870
-35;-80;20;379501
-35;-85;20;425470
-30;-20;65;398108
-30;-25;85;321207
-30;-20;10;414882
-30;-25;5;242184
-30;-35;30;313977
-30;-40;30;85058
-30;-40;35;104569
-30;-35;40;247052
-30;-40;40;189284
-30;-35;45;320065
-30;-40;45;314930
-25;-70;35;128161
-35;-85;30;435526
-30;-75;35;286968
-30;-70;50;481109
-30;-75;50;458335
-20;-10;30;379620
-15;-5;25;131095
-15;-5;55;487364
-15;-5;60;220839
-20;-10;60;447480
-30;-30;30;431010
-30;-70;80;447702
-25;-70;75;370271
-35;-85;50;254984
-35;-80;55;470158
-35;-85;55;412056
-35;-80;45;240698
-25;-15;30;503027
-25;-25;10;173774
-25;-25;15;250395
-35;-85;45;310506
-35;-80;50;314191
-30;-30;90;461961
-25;-30;85;467866
-20;-10;45;442843
-20;-5;45;451088
-35;-75;15;228064
-35;-75;20;298763
-25;-20;80;519776
-25;-70;65;334674
-25;-70;70;404026
-30;-40;105;684292
-30;-45;100;498056
-25;-40;100;773433
-35;-90;45;366487
-35;-90;40;473743
-35;-95;40;422516
-35;-90;50;184912
-35;-95;45;298947
-35;-85;25;373623
-35;-85;5;479317
-30;-45;80;333106
-30;-85;65;237905
-30;-80;70;298990
-35;-85;70;140640
-30;-85;70;255714
-35;-50;75;136392
-35;-50;80;171799
-30;-50;75;213455
-35;-80;60;395493
-40;-80;70;112268
-25;-10;45;390759
-30;-40;55;407846
-20;-5;55;498577
-25;-10;55;410669
-20;-5;50;391197
-20;-10;50;419363
-35;-80;10;361527
-35;-85;60;367965
-40;-85;65;87053
-35;-85;65;187564
-40;-85;60;234358
-35;-90;5;300152
-35;-80;15;336944
-35;-80;70;209734
-35;-90;15;502143
-35;-90;10;464676
-35;-95;10;300058
-35;-65;55;123302
-35;-65;60;154219
-35;-65;65;197017
-25;-10;20;534427
-20;-5;15;246680
-35;-70;75;323675
-35;-65;75;133509
-30;-65;70;305041
-25;-30;30;453388
-25;-35;30;235540
-35;-45;55;111654
-35;-45;60;136122
-30;-45;55;231951
-25;-15;50;355080
-25;-15;45;327603
-35;-45;95;276468
-35;-85;10;461833
-30;-50;80;428771
-35;-90;35;408704
-35;-95;35;356315
-30;-85;40;387381
-25;-35;80;407382
-25;-40;80;314933
-30;-35;60;384491
-30;-35;65;424991
-35;-65;70;180342
-20;-10;55;487490
-25;-80;40;280474
-25;-80;35;451290
-25;-85;35;439751
-40;-100;5;145387
-35;-95;5;300022
-35;-95;15;441478
-35;-100;10;367358
-35;-95;25;399735
-35;-95;20;421951
-35;-100;20;433917
-35;-95;30;488429
-35;-100;25;428770
-35;-100;30;503458
-35;-90;30;448956
-35;-90;25;419252
-35;-100;35;375804
-30;-65;60;263669
-30;-55;95;906350
-30;-45;85;455082
-25;-30;90;438394
-20;-25;90;438394
-25;-30;95;413397
-20;-30;90;520787
-35;-90;20;474125
-30;-65;65;280698
-30;-40;95;448011
-30;-65;75;230568
-25;-25;85;415329
-35;-65;80;171176
-30;-65;80;344474
-35;-50;85;195236
-25;-35;85;433036
-25;-35;90;468285
-35;-70;85;240262
-35;-60;95;154393
-30;-60;95;672236
-25;-30;40;207103
-35;-100;15;404541
-30;-40;60;340278
-35;-100;5;200157
-35;-45;65;239387
-30;-40;65;430673
-35;-45;70;275885
-30;-40;70;536222
-30;-65;55;173386
-30;-50;85;554478
-30;-75;25;296989
-30;-80;75;357135
-35;-85;75;124862
-30;-85;75;195421
-20;-25;65;399947
-15;-20;60;384491
-20;-20;65;434350
-15;-20;65;424991
-25;-70;60;344380
-25;-75;60;371705
-25;-20;55;461355
-30;-45;70;421532
-35;-90;55;285488
-30;-45;105;737721
-35;-50;105;316496
-30;-50;100;711639
-30;-50;105;995907
-35;-55;105;332395
-30;-55;100;881932
-25;-25;50;433191
-25;-30;50;466189
-25;-20;60;431348
-20;-15;60;452866
-25;-20;75;590950
-20;-5;65;348384
-25;-10;65;206354
-20;-10;65;317585
-15;-10;45;477635
-15;-10;40;449958
-15;-5;45;484593
-10;-5;40;201812
-35;-95;50;120991
-30;-65;50;178363
-25;-15;75;302543
-40;-105;15;280613
-35;-100;40;332199
-35;-105;5;323267
-30;-35;95;409311
-35;-105;15;378107
-35;-105;20;490436
-35;-105;25;494704
-30;-80;25;348718
-35;-105;30;494212
-25;-55;80;351853
-25;-55;85;592067
-35;-105;35;400971
-40;-105;45;253389
-35;-105;40;417667
-35;-100;45;204654
-25;-30;45;332430
-35;-105;45;229740
-25;-30;55;428067
-25;-30;60;371016
-25;-30;65;399947
-25;-30;15;205733
-25;-25;20;364027
-20;-25;15;205733
-25;-25;105;382045
-25;-30;100;355486
-25;-25;100;281853
-20;-25;100;355486
-35;-55;100;251124
-30;-30;20;350996
-30;-35;20;164368
-25;-15;20;493179
-20;-10;25;398627
-30;-45;50;171132
-25;-40;50;375169
-25;-45;50;177051
-25;-15;15;453577
-25;-25;25;306551
-25;-30;25;262798
-25;-25;35;382414
-25;-30;35;328035
-30;-60;105;1045693
-30;-60;100;611181
-30;-55;105;1024871
-25;-55;100;996514
-25;-5;55;422346
-25;-15;40;359839
-25;-40;85;418291
-25;-70;30;149416
-25;-75;30;359444
-25;-5;60;369513
-25;-55;95;899887
-25;-75;75;426066
-25;-45;95;776274
-25;-45;90;580958
-25;-50;90;706718
-30;-35;105;533596
-25;-25;30;464244
-20;-25;25;262798
-25;-75;70;411431
-25;-35;70;547643
-30;-80;5;387760
-30;-80;10;204429
-25;-15;25;442623
-25;-35;55;352549
-25;-45;100;930802
-10;-5;35;242997
-25;-15;35;483458
-25;-25;40;248562
-30;-45;65;357889
-15;-25;80;407382
-20;-30;80;440856
-15;-25;75;502821
-15;-30;75;457169
-30;-60;75;138281
-20;-35;75;457169
-20;-35;80;364276
-30;-30;95;257265
-25;-25;55;453487
-20;-5;20;359631
-20;-10;20;463297
-20;-10;15;358231
-20;-15;15;372283
-25;-75;45;374930
-25;-20;15;402474
-30;-45;60;245785
-30;-80;45;225197
-25;-75;35;307461
-30;-60;80;375069
-35;-65;85;227486
-25;-75;40;265794
-25;-50;95;926118
-25;-55;90;834443
-25;-20;25;370956
-25;-20;30;486001
-25;-20;35;424541
-25;-45;75;171893
-15;-35;85;468961
-15;-30;90;543021
-20;-35;90;543021
-15;-35;90;614297
-20;-15;10;319687
-20;-20;10;244112
-30;-80;30;412028
-30;-85;45;206412
-25;-20;65;447698
-25;-40;105;1378964
-20;-40;100;1208378
-30;-60;65;93139
-25;-20;10;294959
-25;-35;35;168184
-25;-40;35;64097
-25;-40;40;155657
-20;-15;30;455627
-20;-15;25;344185
-20;-20;25;317168
-25;-35;45;286358
-25;-40;45;272113
-25;-25;45;285632
-30;-50;70;165991
-20;-30;35;255130
-30;-60;70;148647
-30;-45;45;124468
-25;-45;45;162256
-25;-70;50;506072
-25;-75;50;513348
-15;-30;45;256987
-10;-25;40;155657
-10;-20;45;314930
-15;-25;45;286358
-10;-25;45;272113
-35;-80;75;247459
-25;-40;90;512488
-25;-25;65;437825
-30;-75;15;200876
-30;-75;20;209882
-30;-85;30;453261
-30;-85;50;329347
-30;-80;55;507950
-30;-85;55;470289
-30;-85;15;366338
-30;-80;20;399431
-30;-85;20;371305
-20;-20;15;317960
-30;-80;50;382672
-30;-60;85;536889
-30;-65;85;446912
-25;-35;25;190440
-30;-90;45;297774
-30;-90;40;410196
-30;-95;40;473743
-30;-90;50;248428
-30;-95;45;366487
-30;-90;55;432488
-35;-95;55;155985
-30;-95;50;184912
-30;-85;25;397972
-30;-85;5;323075
-30;-90;60;397536
-35;-95;60;213863
-30;-95;55;285488
-25;-45;80;290520
-30;-90;65;188719
-35;-95;65;163946
-30;-95;60;355936
-25;-85;65;276786
-25;-80;70;313898
-25;-85;70;283806
-30;-70;90;383565
-30;-65;95;642250
-25;-65;90;690888
-25;-50;75;143136
-30;-80;60;391071
-30;-25;90;169416
-25;-40;55;324296
-35;-80;80;218413
-20;-5;60;449616
-25;-30;105;736791
-30;-85;60;355387
-30;-90;5;425843
-30;-80;15;325096
-30;-80;80;350813
-30;-90;15;464160
-30;-65;45;125595
-30;-90;10;352247
-30;-95;10;464676
-25;-65;85;537534
-25;-60;80;368778
-20;-65;80;438827
-20;-60;80;383198
-20;-60;85;565603
-15;-60;80;357463
-25;-65;70;312017
-25;-45;55;272653
-20;-25;105;736791
-20;-30;100;750002
-20;-15;50;418089
-20;-15;45;317841
-20;-50;95;1028065
-25;-50;100;1143378
-20;-50;100;1293935
-25;-20;85;321207
-30;-85;10;283453
-25;-50;80;340706
-30;-90;35;464403
-30;-95;35;408704
-25;-60;95;816261
-25;-85;40;328425
-35;-90;60;355936
-25;-35;60;330152
-35;-90;65;160635
-25;-35;65;379574
-35;-90;70;111490
-20;-25;20;248782
-15;-20;20;164368
-30;-70;85;473901
-15;-80;85;630856
-15;-75;90;788485
-20;-80;90;623908
-15;-80;90;716489
-25;-35;105;886820
-30;-70;95;522886
-25;-70;90;655302
-20;-25;45;332430
-20;-30;45;289231
-30;-95;5;300152
-30;-95;15;502143
-30;-95;25;419252
-30;-95;20;474125
-30;-100;20;483280
-30;-95;30;448956
-30;-100;25;410850
-30;-100;30;474900
-30;-90;30;452231
-30;-90;25;440597
-30;-100;35;380828
-30;-100;40;439490
-20;-75;100;983812
-25;-80;100;404771
-20;-75;95;817340
-20;-80;95;834962
-35;-100;50;110987
-30;-100;45;375060
-25;-80;85;462300
-25;-75;90;577947
-30;-80;90;222578
-25;-80;90;508071
-25;-65;60;204553
-25;-45;85;434230
-30;-90;20;449369
-25;-65;65;286233
-25;-40;95;592048
-25;-65;75;261989
-25;-40;70;509871
-20;-35;70;545606
-20;-40;70;470250
-25;-65;80;396102
-20;-30;75;543443
-25;-25;90;532723
-20;-20;90;461961
-25;-25;95;250365
-20;-15;80;336654
-15;-10;50;481135
-10;-5;50;437354
-10;-10;50;244193
-30;-100;15;546476
-20;-30;65;357433
-30;-45;40;132598
-25;-40;60;335619
-25;-40;65;390271
-25;-65;55;214187
-30;-55;75;155597
-25;-50;70;203269
-30;-55;80;448529
-25;-60;70;160236
-20;-20;75;609253
-25;-75;25;261418
-25;-80;75;367821
-25;-85;75;263811
-20;-35;95;718378
-20;-35;100;998450
-25;-80;80;445420
-30;-85;80;227048
-25;-85;80;377031
-30;-50;65;141288
-25;-45;60;213810
-25;-45;65;342532
-25;-45;70;367851
-25;-45;105;1531901
-30;-90;70;175097
-25;-50;105;1531591
-20;-25;50;466189
-15;-20;50;427405
-25;-55;105;1598066
-25;-60;100;1000533
-20;-25;95;413397
-30;-95;65;160635
-25;-65;50;211930
-20;-90;85;215997
-20;-85;85;462300
-20;-85;90;508071
-15;-85;85;547658
-35;-105;50;106470
-30;-100;50;200332
-10;-40;95;796386
-10;-40;100;1073466
-15;-45;100;1152314
-10;-45;95;675849
-25;-100;5;398418
-10;-10;55;309523
-10;-10;60;197244
-15;-15;60;416739
-10;-15;55;348525
-30;-105;10;526826
-30;-105;15;538020
-30;-105;20;476422
-30;-105;25;450396
-25;-80;25;379850
-30;-105;30;465411
-20;-55;80;306232
-20;-50;85;463445
-20;-55;85;549347
-30;-105;35;454924
-30;-105;40;501655
-30;-105;45;328358
-30;-105;50;186555
-20;-40;50;278291
-20;-40;55;354670
-20;-60;65;122475
-20;-40;65;353031
-20;-35;85;440999
-30;-70;100;359335
-25;-65;95;812795
-30;-65;100;529854
-25;-65;100;879006
-20;-40;95;821038
-15;-35;95;833251
-20;-10;10;247547
-20;-15;40;331061
-20;-15;35;439900
-20;-20;35;365106
-25;-30;20;248782
-20;-15;20;419284
-30;-30;100;323658
-20;-10;5;281622
-25;-20;90;169416
-30;-25;95;198395
-20;-20;40;256667
-20;-30;85;451023
-25;-5;65;240935
-15;-20;25;189506
-20;-20;45;268715
-20;-15;70;497477
-20;-10;75;195840
-20;-15;75;485600
-25;-15;80;197504
-15;-10;60;323689
-20;-20;20;350996
-20;-20;30;431010
-20;-15;65;424694
-20;-10;70;276150
-25;-20;95;198395
-25;-80;5;240590
-25;-80;10;165720
-20;-65;100;1134610
-20;-65;95;902546
-20;-60;100;1323910
-15;-60;95;974437
-20;-35;65;374097
-20;-35;60;286203
-20;-40;60;290675
-20;-30;30;309787
-20;-25;35;328035
-25;-60;75;158856
-15;-25;95;466165
-20;-30;95;483190
-15;-30;95;718378
-20;-25;85;467866
-25;-50;65;162234
-25;-80;45;276320
-20;-30;55;369900
-20;-20;70;581449
-25;-80;30;408496
-25;-85;45;231577
-15;-5;20;126630
-20;-35;30;168836
-15;-30;30;168836
-20;-40;75;324542
-20;-45;75;120980
-20;-45;90;626506
-20;-45;95;892790
-20;-65;65;201797
-20;-25;40;207103
-15;-55;105;1932734
-15;-60;100;1481044
-15;-55;100;1594127
-10;-55;100;1428016
-20;-40;90;598244
-20;-55;95;1037323
-20;-55;100;1355503
-20;-70;40;66549
-20;-70;45;326052
-20;-30;70;545741
-25;-85;30;476219
-25;-85;50;381592
-25;-80;55;553618
-25;-85;55;507758
-15;-10;30;302329
-15;-10;35;384372
-15;-25;25;190440
-15;-20;30;313977
-20;-25;30;453388
-15;-25;30;235540
-25;-85;15;257135
-25;-80;20;312510
-25;-85;20;321635
-15;-10;20;252175
-15;-10;25;205927
-25;-80;50;474979
-20;-35;55;298750
-20;-30;60;318214
-15;-35;65;388937
-30;-75;95;201991
-25;-70;95;696473
-30;-75;90;257260
-25;-70;85;594007
-25;-75;85;547658
-15;-15;45;370771
-15;-25;35;168184
-30;-80;95;180946
-25;-75;95;612747
-15;-15;35;316035
-20;-45;50;134052
-20;-65;60;213049
-20;-50;90;739627
-15;-45;85;386962
-15;-35;50;367310
-25;-90;45;206412
-25;-90;40;387381
-25;-95;40;414622
-25;-90;50;329347
-25;-95;45;310506
-25;-90;55;470289
-25;-95;50;254984
-25;-85;25;369585
-25;-85;5;210569
-25;-90;60;355387
-25;-95;55;412056
-25;-90;65;237905
-25;-95;60;367965
-25;-90;70;255714
-30;-95;70;111490
-25;-95;65;187564
-15;-15;20;268287
-15;-15;30;333439
-25;-80;60;392802
-25;-80;65;332407
-30;-80;85;215997
-25;-70;100;855837
-15;-70;85;678783
-10;-65;80;478181
-15;-65;85;645283
-10;-65;85;663365
-20;-30;105;1468027
-25;-85;60;394113
-25;-90;5;323075
-25;-80;15;205939
-25;-75;20;116764
-20;-15;85;198611
-20;-20;85;378756
-30;-65;105;716478
-25;-90;15;366338
-25;-90;10;283453
-25;-95;10;461833
-20;-65;85;586637
-15;-20;90;404704
-15;-20;85;389293
-15;-25;85;433036
-20;-65;70;281547
-15;-25;70;547643
-15;-30;70;545606
-25;-85;90;282443
-20;-80;85;581589
-15;-60;85;544422
-15;-55;85;465460
-10;-55;80;184572
-15;-35;55;339293
-15;-30;60;286203
-15;-35;60;341974
-25;-60;105;1459164
-20;-40;80;280646
-20;-45;80;202259
-30;-70;105;457523
-25;-85;10;190222
-25;-90;35;462842
-25;-95;35;465350
-15;-5;50;470865
-15;-40;85;454085
-15;-40;90;621022
-20;-75;25;260298
-30;-90;75;118285
-20;-45;55;196741
-20;-45;60;183415
-15;-60;75;207958
-15;-55;80;252066
-10;-55;75;129355
-20;-40;85;450070
-20;-70;75;381301
-20;-75;75;409407
-30;-85;85;162087
-20;-35;105;1802452
-25;-65;105;1493093
-20;-65;90;755555
-20;-70;90;770134
-15;-30;85;440999
-10;-25;80;314933
-10;-25;85;418291
-25;-95;5;479317
-25;-95;15;467870
-25;-100;10;569600
-20;-20;100;323658
-15;-20;95;409311
-25;-95;25;373623
-25;-95;20;425470
-25;-100;20;484190
-25;-95;30;435526
-25;-100;25;391177
-25;-100;30;431320
-25;-90;30;453261
-25;-90;25;397972
-25;-100;35;421575
-25;-100;40;490218
-25;-100;45;405493
-15;-45;70;281898
-15;-40;75;355908
-15;-45;75;166591
-30;-100;55;227012
-25;-100;50;252392
-20;-60;95;1014063
-20;-60;90;717017
-20;-70;65;369359
-20;-75;65;371618
-20;-45;85;419956
-20;-70;60;384942
-20;-55;90;777049
-15;-50;85;344536
-25;-70;105;1518749
-25;-75;5;334821
-25;-90;20;371305
-15;-45;90;571913
-15;-45;95;849157
-20;-45;100;1198416
-15;-55;95;988847
-15;-55;90;534010
-15;-60;90;622164
-20;-65;75;337372
-20;-70;70;350161
-20;-75;70;386100
-15;-75;70;350919
-15;-70;70;344767
-15;-70;75;368309
-10;-70;70;360938
-20;-70;80;506213
-15;-65;65;206155
-10;-20;90;405468
-10;-20;95;448011
-10;-25;90;512488
-25;-85;85;320844
-25;-80;95;559735
-25;-100;15;532113
-10;-15;50;295049
-10;-20;50;408446
-15;-40;60;252837
-10;-35;60;252837
-15;-40;65;388071
-10;-40;60;156385
-15;-75;60;368642
-15;-70;60;379556
-15;-70;65;365481
-10;-70;60;212431
-15;-15;15;204812
-20;-65;55;180623
-20;-40;105;1649408
-20;-50;80;235609
-20;-60;70;147043
-15;-15;25;258408
-15;-70;80;542160
-10;-65;75;247700
-15;-65;80;471116
-20;-45;65;214103
-20;-45;70;167546
-20;-55;105;1912459
-20;-45;105;1758882
-25;-90;75;195421
-20;-50;105;1796414
-15;-40;80;249657
-15;-45;80;169138
-20;-85;70;313898
-20;-80;75;443823
-20;-85;75;367821
-10;-20;75;421471
-10;-25;75;351632
-15;-10;70;216822
-15;-15;75;464450
-25;-95;70;140640
-15;-20;80;430679
-15;-35;75;427163
-15;-40;70;515420
-15;-35;70;574318
-10;-35;70;515420
-30;-105;55;280362
-25;-100;55;343363
-15;-80;80;545537
-15;-75;85;676473
-15;-30;100;998450
-25;-105;10;408433
-25;-105;15;619340
-25;-105;20;499025
-25;-105;25;352076
-20;-75;30;333776
-20;-80;25;425406
-25;-105;30;399766
-25;-105;35;425628
-25;-105;40;470062
-15;-30;50;371169
-15;-30;55;298750
-25;-105;45;526083
-15;-30;35;131237
-15;-30;40;154706
-15;-35;35;84575
-25;-105;50;291502
-15;-35;40;118862
-25;-105;55;350517
-15;-35;45;260616
-15;-45;65;270350
-25;-85;95;325162
-15;-50;90;560427
-15;-50;95;920932
-20;-30;20;116794
-20;-85;35;451290
-20;-80;40;284426
-20;-85;40;280474
-20;-40;45;216850
-15;-20;45;320065
-15;-40;55;302751
-15;-15;65;378804
-15;-15;40;325934
-20;-75;80;545537
-10;-20;85;404875
-15;-25;90;468285
-15;-40;50;207713
-15;-25;55;352549
-15;-15;70;525229
-15;-25;100;582033
-20;-30;25;248322
-15;-20;40;247052
-25;-75;105;1143292
-25;-75;100;561153
-20;-70;100;950363
-20;-20;95;257265
-20;-75;60;346035
-15;-40;95;894311
-15;-40;100;1241816
-10;-45;90;414274
-20;-40;40;64154
-20;-80;45;391200
-20;-70;50;518068
-15;-30;65;374097
-10;-25;65;390271
-10;-30;65;353031
-20;-60;75;185864
-20;-80;35;434878
-15;-25;50;426026
-10;-25;50;375169
-20;-70;55;341582
-15;-15;90;256266
-15;-15;85;199342
-15;-50;100;1413937
-20;-85;65;332407
-20;-80;70;377508
-15;-20;55;442315
-15;-10;65;305789
-20;-75;55;462415
-10;-20;80;331339
-15;-75;80;534186
-10;-75;80;542160
-10;-30;70;470250
-20;-85;45;276320
-20;-80;30;425244
-25;-90;85;162087
-20;-75;90;716489
-15;-20;35;244202
-15;-25;40;171834
-15;-65;70;310592
-15;-20;70;580894
-15;-35;80;319666
-10;-15;40;261840
-10;-15;45;258688
-10;-20;40;189284
-15;-25;65;379574
-20;-80;80;520145
-20;-85;80;445420
-20;-75;40;248277
-20;-75;45;475655
-20;-75;50;532990
-15;-40;45;174436
-10;-35;45;174436
-10;-80;75;381301
-5;-75;70;310592
-10;-75;75;368309
-5;-75;75;322013
-10;-20;35;104569
-15;-35;100;1336307
-5;-20;60;245785
-10;-25;60;335619
-5;-20;55;231951
-5;-25;55;272653
-20;-85;30;408496
-20;-85;50;474979
-20;-80;55;518917
-20;-85;55;553618
-20;-85;15;205939
-20;-80;20;264403
-20;-85;20;312510
-20;-80;50;536242
-20;-75;35;252751
-15;-15;80;215872
-10;-10;65;143523
-20;-70;95;806658
-20;-70;85;644704
-20;-75;85;630856
-10;-70;65;307837
-15;-25;60;330152
-10;-35;85;454085
-10;-35;90;621022
-10;-5;55;185606
-10;-15;80;192102
-15;-75;45;403398
-15;-75;50;590215
-20;-90;45;225197
-20;-90;40;333185
-20;-95;40;403256
-20;-90;50;382672
-20;-95;45;240698
-20;-90;55;507950
-20;-95;50;314191
-20;-85;25;379850
-20;-85;5;240590
-20;-90;60;391071
-20;-95;55;470158
-20;-90;65;248881
-20;-95;60;395493
-20;-90;70;298990
-20;-95;65;246423
-20;-90;75;357135
-25;-95;75;124862
-20;-95;70;209734
-10;-60;70;174846
-15;-65;75;322013
-10;-65;70;245385
-20;-80;60;363114
-20;-80;65;375658
-10;-30;45;216850
-10;-30;50;278291
-10;-5;45;336130
-10;-10;45;300029
-25;-90;80;227048
-20;-90;80;350813
-10;-30;90;598244
-10;-30;95;821038
-20;-85;60;392802
-20;-90;5;387760
-20;-80;15;143613
-10;-60;95;842798
-10;-60;90;488015
-10;-55;95;837070
-5;-55;90;101568
-10;-85;50;506072
-10;-80;55;341582
-15;-85;55;521458
-10;-85;55;464090
-20;-90;15;325096
-20;-90;10;204429
-20;-95;10;361527
-10;-30;80;280646
-20;-60;105;1827618
-10;-25;55;324296
-10;-20;60;340278
-20;-85;10;165720
-20;-90;35;452692
-20;-95;35;491038
-15;-75;40;203268
-15;-65;90;718900
-15;-70;90;805439
-10;-15;30;112313
-10;-20;30;85058
-25;-80;105;562760
-20;-65;105;1588504
-10;-15;35;102189
-10;-20;65;430673
-10;-20;70;536222
-20;-95;15;336944
-20;-100;10;318101
-20;-95;25;364158
-20;-95;20;379501
-20;-100;20;371799
-20;-95;30;428566
-20;-100;25;348871
-20;-100;30;385251
-20;-90;30;412028
-20;-90;25;348718
-20;-100;35;427614
-20;-100;40;460913
-20;-100;45;398624
-20;-100;50;297626
-25;-100;60;234358
-20;-100;55;436179
-25;-100;65;87053
-20;-100;60;298720
-10;-30;55;354670
-10;-30;85;450070
-10;-20;55;407846
-20;-70;105;1627870
-20;-90;20;399431
-10;-30;40;64154
-10;-10;40;244974
-10;-10;35;172213
-20;-75;105;1649232
-20;-80;100;850435
-20;-100;15;413861
-5;-55;100;1064392
-5;-55;105;951532
-10;-60;105;1655626
-5;-60;100;1062653
-10;-15;65;344288
-10;-35;100;1241816
-10;-35;95;894311
-5;-35;95;849157
-20;-85;95;559735
-20;-80;105;1630934
-10;-50;90;361957
-10;-50;95;788936
-5;-25;65;342532
-5;-20;70;421532
-10;-25;70;509871
-5;-25;70;367851
-15;-60;65;148918
-10;-20;105;684292
-10;-25;100;773433
-10;-20;100;307603
-5;-20;100;498056
-10;-30;75;324542
-10;-35;75;355908
-15;-70;95;915493
-5;-60;95;644851
-10;-60;100;1355854
-15;-90;50;458335
-15;-90;45;267740
-15;-95;45;268908
-20;-95;75;247459
-15;-85;75;426066
-15;-85;80;474507
-10;-25;35;64097
-10;-15;70;489199
-10;-15;75;338406
-20;-100;65;149078
-15;-85;65;350178
-15;-80;70;386100
-15;-85;70;411431
-20;-105;15;324969
-20;-105;20;342272
-15;-80;40;248277
-20;-105;25;245621
-15;-80;45;475655
-20;-105;30;288832
-15;-75;55;334782
-15;-80;50;532990
-20;-105;35;440881
-15;-80;55;462415
-20;-105;40;416393
-15;-75;65;386435
-15;-80;60;346035
-20;-105;45;510010
-15;-80;65;371618
-20;-105;50;347823
-15;-75;75;396048
-15;-65;55;106478
-20;-105;55;342540
-15;-80;75;409407
-15;-60;70;157651
-20;-85;100;404771
-15;-80;95;817340
-15;-80;100;983812
-15;-65;95;988649
-15;-65;100;1328165
-10;-40;85;346958
-10;-40;90;536938
-15;-30;80;364276
-10;-10;30;137067
-15;-20;100;304798
-10;-15;85;182502
-10;-40;80;161065
-5;-35;80;169138
-5;-40;80;101337
-10;-15;60;340864
-10;-55;85;314040
-10;-55;90;398669
-15;-30;105;1802452
-15;-25;105;886820
-5;-25;60;213810
-5;-20;65;357889
-10;-15;90;278423
-5;-30;95;892790
-10;-30;100;1208378
-5;-30;100;1198416
-5;-20;85;455082
-10;-10;70;111309
-15;-85;50;513348
-5;-40;90;414274
-5;-45;90;155638
-10;-35;65;388071
-10;-30;105;1649408
-10;-25;105;1378964
-5;-25;100;930802
-5;-15;85;195448
-5;-15;90;171164
-5;-15;70;275885
-10;-30;60;290675
-15;-20;105;533596
-15;-50;80;138393
-15;-75;35;100590
-15;-35;105;1858498
-15;-75;100;993346
-15;-75;95;835400
-15;-80;30;333776
-15;-80;35;252751
-15;-70;45;229354
-15;-70;50;235202
-15;-70;55;290109
-15;-40;105;1747536
-15;-85;25;261418
-15;-85;30;359444
-15;-65;60;159329
-15;-70;100;1139012
-15;-45;105;1722928
-15;-85;5;334821
-5;-25;85;434230
-10;-25;95;592048
-15;-90;55;514127
-15;-95;50;341337
-15;-90;60;371911
-15;-95;55;432789
-5;-15;55;111654
-5;-15;60;136122
-15;-90;65;309323
-15;-95;60;381043
-15;-90;70;384424
-15;-95;65;287377
-5;-30;90;626506
-5;-25;95;776274
-15;-90;75;433713
-15;-95;70;320625
-15;-90;80;346701
-20;-95;80;218413
-15;-95;75;266795
-10;-15;95;336371
-15;-50;105;1999507
-15;-85;40;265794
-15;-85;45;374930
-15;-85;35;307461
-5;-20;95;534152
-10;-35;50;207713
-10;-35;55;302751
-5;-20;75;265346
-20;-85;105;562760
-5;-15;80;196967
-15;-90;40;287806
-15;-95;40;344667
-10;-75;70;344767
-10;-35;80;249657
-10;-45;85;258684
-15;-85;60;371705
-10;-65;90;639046
-10;-65;95;917956
-15;-85;90;577947
-15;-80;25;260298
-15;-85;20;116764
-15;-90;15;200876
-10;-40;50;114801
-5;-15;65;239387
-20;-90;95;180946
-20;-90;90;222578
-15;-60;105;1848221
-15;-90;35;286968
-15;-95;35;332350
-5;-35;90;571913
-10;-40;65;150529
-10;-40;70;274613
-5;-20;50;171132
-10;-75;90;805439
-10;-80;90;770134
-10;-40;75;227832
-15;-80;105;1649232
-15;-85;100;561153
-15;-65;105;1859184
-5;-30;65;214103
-5;-35;65;270350
-15;-95;25;257011
-15;-95;20;298763
-15;-100;20;221346
-15;-95;30;395867
-15;-100;25;222631
-15;-100;30;293197
-15;-90;30;320676
-15;-90;25;296989
-15;-100;35;409975
-15;-100;40;368415
-15;-100;45;375205
-15;-100;50;395914
-15;-100;55;411426
-5;-5;45;153791
-15;-100;60;265250
-20;-100;70;112268
-15;-100;65;242926
-5;-70;95;917956
-5;-65;100;1209412
-10;-70;100;1334627
-5;-70;100;1405827
-10;-45;100;1127250
-15;-70;105;1667798
-15;-90;85;343110
-15;-90;20;209882
-10;-75;50;235202
-10;-75;55;290109
-10;-95;85;240262
-5;-90;80;344474
-10;-90;85;473901
-5;-90;85;446912
-10;-55;105;1652708
-10;-80;60;384942
-10;-85;60;344380
15;-20;80;344474
10;-25;80;368778
15;-20;75;230568
15;-25;75;261989
-15;-85;95;612747
-15;-75;105;1693982
-10;-60;85;504338
-5;-25;80;290520
-5;-30;80;202259
-10;-85;100;855837
-5;-80;95;902546
-10;-80;100;950363
-5;-80;100;1134610
-15;-95;15;228064
-10;-75;45;229354
-5;-30;70;167546
-10;-80;85;644704
-10;-75;60;379556
-10;-45;80;101337
-10;-50;100;1417514
-10;-80;95;806658
-15;-90;90;257260
-15;-90;95;201991
-15;-85;105;1143292
-10;-40;105;1611080
-10;-35;105;1747536
-5;-35;100;1152314
-5;-35;85;386962
-15;-95;80;257109
-20;-105;60;208574
-20;-105;65;185295
-15;-100;70;130560
-10;-90;75;404122
-10;-85;80;465970
-10;-90;80;447702
-10;-85;85;594007
-10;-85;65;334674
-10;-80;70;350161
-10;-85;70;404026
-15;-105;25;230088
-10;-80;45;326052
-15;-105;30;213015
-10;-80;50;518068
-15;-105;35;347651
-15;-105;40;403159
-10;-75;65;365481
-15;-105;45;514452
-10;-80;65;369359
-15;-105;50;391051
-15;-105;55;287060
-10;-65;60;118724
-15;-105;60;250818
-10;-65;65;192807
-15;-105;65;235424
-5;-20;90;460468
-10;-75;85;678783
-5;-30;85;419956
-5;-25;90;580958
0;-25;85;492211
-5;-30;105;1758882
0;-30;100;1293935
-5;-15;75;239194
0;-45;100;1068918
0;-45;105;966407
-5;-50;105;966407
0;-50;100;775168
-5;-25;75;171893
-5;-30;75;120980
-5;-20;45;124468
-5;-25;45;162256
-10;-70;55;217937
-10;-50;85;266829
-5;-40;95;675849
-5;-25;105;1531901
0;-25;100;1143378
-10;-65;100;1405827
-10;-70;90;765886
-10;-70;95;1007397
-10;-85;75;370271
-10;-80;80;506213
-10;-80;40;66549
-10;-60;75;197999
-5;-45;95;471827
-10;-70;75;311750
-10;-75;100;1139012
-10;-75;95;915493
-10;-60;80;373673
-5;-30;60;183415
5;-20;90;701182
5;-15;95;259958
0;-20;95;768947
5;-20;95;906350
-5;-20;80;333106
-5;-20;40;132598
-5;-25;50;177051
-5;-30;50;134052
0;-75;80;357463
5;-70;75;129355
0;-70;80;373673
5;-70;80;184572
-5;-50;100;1068918
-10;-70;85;702087
-5;-35;70;281898
-5;-35;75;166591
-10;-90;45;351032
-10;-90;40;160317
-10;-95;40;173193
-10;-90;50;481109
-10;-95;45;277705
-10;-90;55;451514
-10;-95;50;368018
-10;-90;60;371483
-10;-95;55;385831
-10;-70;80;541581
-10;-90;65;388391
-10;-95;60;388533
-10;-90;70;426699
-10;-95;65;360235
-10;-95;70;341480
-10;-95;75;323675
0;-30;85;463445
0;-25;90;706718
0;-30;90;739627
-5;-30;55;196741
-10;-85;40;131270
-10;-85;45;422214
0;-25;95;926118
0;-30;95;1028065
-5;-50;95;385351
-10;-85;105;1518749
-10;-80;105;1627870
-10;-45;105;1613261
0;-15;80;171799
0;-20;80;428771
-10;-85;35;128161
0;-20;85;554478
0;-25;80;340706
0;-90;85;536889
0;-85;85;568647
0;-85;90;745066
5;-85;85;592067
-10;-50;105;1627302
-10;-85;90;655302
-5;-65;90;455481
-5;-65;95;790839
-5;-40;85;258684
-5;-60;80;183706
0;-20;75;213455
0;-25;75;143136
-5;-40;100;1127250
-5;-45;100;1059913
-10;-90;35;192907
-10;-95;35;209942
-10;-85;30;149416
-10;-65;105;1742966
0;-20;100;711639
-10;-95;30;224245
-10;-100;30;124959
-10;-100;35;168157
-10;-100;40;169396
-10;-100;45;238354
-10;-100;50;210956
-10;-100;55;213988
-10;-100;60;148817
-10;-100;65;106882
-10;-70;105;1870024
-10;-90;30;191944
10;-40;90;488015
10;-35;95;974437
5;-40;95;837070
10;-40;95;842798
-5;-85;85;537534
-5;-85;90;690888
-10;-85;95;696473
0;-70;75;197999
-5;-75;80;471116
0;-75;75;207958
-10;-75;105;1667798
-5;-60;85;262282
-5;-65;85;454073
-5;-70;75;247700
-5;-80;55;180623
-5;-75;60;159329
-5;-80;60;213049
-5;-75;65;206155
-5;-80;65;201797
-5;-80;70;281547
-5;-70;70;245385
-5;-55;95;494638
-5;-70;90;639046
-5;-75;90;718900
-5;-80;90;755555
-5;-60;90;357328
-10;-90;90;383565
-10;-90;95;522886
0;-35;90;560427
-10;-95;25;132880
-10;-95;80;283569
0;-65;95;644851
0;-65;100;1062653
-15;-105;70;194937
-10;-100;70;142922
-5;-85;65;286233
-5;-85;70;312017
-10;-105;40;184081
-10;-105;45;160044
-5;-75;55;106478
-10;-105;50;343164
-5;-15;95;276468
-5;-70;65;192807
0;-70;70;174846
0;-80;85;565603
0;-75;90;622164
0;-80;90;717017
5;-20;85;604694
5;-25;85;592067
-5;-75;100;1328165
-5;-75;95;988649
0;-35;85;344536
0;-20;90;572618
-5;-85;75;261989
-5;-80;80;438827
-5;-85;80;396102
-5;-90;75;230568
5;-25;100;996514
5;-25;95;899887
5;-30;95;1037323
0;-20;70;165991
0;-15;75;136392
0;-25;70;203269
-5;-20;105;737721
-5;-80;75;337372
-5;-60;75;121288
-5;-80;85;586637
-5;-65;75;182056
-5;-65;80;375775
-5;-70;60;118724
-5;-70;85;663365
-5;-75;85;645283
0;-40;90;361957
-5;-35;105;1722928
-5;-60;70;122558
-5;-65;70;200204
-5;-40;105;1613261
0;-35;95;920932
5;-30;90;777049
-5;-45;105;1141062
-5;-70;80;478181
-5;-85;60;204553
-5;-85;55;214187
-5;-90;60;263669
-5;-90;55;173386
-5;-95;55;123302
-5;-90;65;280698
-5;-95;60;154219
-5;-90;70;305041
-5;-95;65;197017
-5;-95;70;180342
-5;-95;75;133509
0;-20;65;141288
0;-25;65;162234
-5;-85;100;879006
-10;-90;100;359335
-5;-85;95;812795
-5;-90;95;642250
0;-30;80;235609
0;-35;80;138393
-5;-85;50;211930
0;-75;95;974437
5;-30;100;1355503
0;-35;100;1413937
5;-35;95;988847
-5;-60;105;1085468
0;-70;85;504338
0;-70;90;488015
0;-65;90;357328
-5;-80;105;1588504
-5;-65;105;1472768
10;-65;100;1068918
5;-70;100;1428016
10;-65;95;385351
10;-70;95;788936
15;-20;70;305041
15;-15;75;133509
10;-20;75;138281
-5;-70;105;1742966
15;-35;90;718900
15;-35;95;988649
5;-35;90;534010
10;-35;100;1481044
15;-30;100;1134610
10;-35;105;1848221
15;-35;100;1328165
0;-75;70;157651
15;-65;100;1059913
10;-70;100;1417514
15;-65;95;471827
15;-70;95;675849
-10;-90;105;457523
-5;-75;105;1859184
-5;-85;105;1493093
-5;-90;100;529854
-5;-90;45;125595
-5;-90;50;178363
0;-80;70;147043
-5;-95;80;171176
0;-80;95;1014063
0;-80;100;1323910
0;-90;75;138281
0;-85;80;368778
0;-90;80;375069
0;-80;65;122475
0;-80;75;185864
-5;-90;90;467807
-5;-90;105;716478
0;-70;95;842798
-5;-95;85;227486
0;-75;65;148918
0;-75;100;1481044
0;-15;85;195236
0;-15;95;212187
0;-85;70;160236
0;-85;75;158856
0;-80;80;383198
25;-10;35;409975
20;-15;35;209942
25;-10;30;293197
25;-15;30;395867
25;-10;40;368415
20;-15;40;173193
25;-15;35;332350
5;-20;100;881932
5;-75;90;534010
0;-40;100;1417514
0;-40;85;266829
5;-65;90;101568
10;-20;90;571936
10;-20;95;672236
0;-40;95;788936
5;-25;90;834443
0;-75;85;544422
5;-70;85;314040
0;-45;95;385351
0;-20;105;995907
0;-15;105;316496
15;-15;85;227486
10;-20;85;536889
15;-15;80;171176
0;-65;75;121288
0;-65;80;183706
0;-65;85;262282
0;-60;90;156385
0;-25;105;1531591
0;-65;70;122558
0;-70;100;1355854
0;-30;105;1796414
0;-60;95;440493
0;-35;105;1999507
0;-60;100;840135
5;-80;90;777049
0;-50;105;558706
0;-55;100;848871
15;-20;65;280698
15;-15;70;180342
10;-20;70;148647
0;-40;105;1627302
5;-45;100;1064392
0;-85;100;1000533
0;-85;95;816261
0;-90;95;672236
10;-35;90;622164
0;-55;105;455839
10;-25;85;568647
0;-60;105;535489
10;-25;95;816261
15;-20;90;467807
15;-20;95;642250
10;-30;95;1014063
5;-75;85;465460
0;-80;105;1827618
0;-65;105;1085468
20;-10;40;169396
20;-5;40;184081
20;-5;45;160044
25;-5;40;403159
20;-35;85;678783
20;-30;90;770134
20;-35;90;805439
0;-70;105;1655626
20;-65;100;1127250
15;-70;100;1127250
20;-65;95;675849
20;-70;95;796386
5;-35;105;1932734
5;-35;100;1594127
5;-30;105;1912459
10;-30;100;1323910
0;-75;105;1848221
0;-85;105;1459164
0;-90;100;611181
0;-90;65;93139
0;-90;70;148647
5;-75;80;252066
5;-80;95;1037323
5;-80;100;1355503
5;-80;85;549347
0;-90;90;571936
35;-10;40;490218
30;-15;40;403256
35;-10;35;421575
35;-15;35;465350
0;-90;105;1045693
5;-65;95;494638
5;-70;95;837070
30;-10;40;460913
25;-15;40;344667
30;-10;35;427614
30;-15;35;491038
5;-20;80;448529
5;-25;80;351853
15;-30;70;281547
10;-35;70;157651
15;-30;65;201797
15;-35;65;206155
5;-40;90;398669
30;-30;50;536242
30;-30;45;391200
30;-25;50;474979
35;-25;45;231577
20;-25;55;464090
15;-30;55;180623
20;-25;50;506072
20;-30;50;518068
5;-40;100;1428016
5;-30;80;306232
5;-35;80;252066
5;-15;100;251124
5;-15;105;332395
5;-30;85;549347
30;-10;30;385251
30;-15;30;428566
5;-35;85;465460
5;-45;90;101568
5;-40;85;314040
10;-45;100;1062653
5;-50;100;848871
10;-45;95;644851
10;-50;95;440493
5;-20;75;155597
15;-15;65;197017
5;-20;105;1024871
15;-20;60;263669
10;-20;65;93139
5;-45;95;494638
5;-25;105;1598066
10;-25;100;1000533
10;-30;85;565603
10;-35;85;544422
10;-40;105;1655626
10;-40;100;1355854
5;-40;80;184572
5;-75;100;1594127
5;-75;95;988847
5;-90;85;604694
5;-85;90;834443
10;-85;85;492211
20;-10;55;213988
15;-15;55;123302
20;-10;50;210956
20;-15;50;368018
10;-35;75;207958
5;-40;75;129355
10;-40;70;174846
20;-25;60;344380
15;-30;60;213049
20;-30;55;341582
5;-70;90;398669
15;-45;90;455481
15;-45;95;790839
5;-55;100;712689
5;-80;80;306232
5;-40;105;1652708
5;-65;100;1064392
5;-60;100;848871
10;-75;90;560427
15;-30;85;586637
15;-35;85;645283
10;-25;75;158856
10;-30;75;185864
5;-45;105;951532
10;-45;90;357328
5;-85;80;351853
10;-70;85;266829
10;-75;85;344536
5;-50;105;455839
5;-85;100;996514
5;-85;95;899887
5;-90;95;906350
5;-55;105;557289
15;-30;80;438827
15;-35;80;471116
10;-30;80;383198
5;-60;105;455839
20;-10;60;148817
25;-5;60;250818
20;-10;65;106882
25;-10;60;265250
15;-30;90;755555
15;-30;95;902546
20;-80;90;598244
20;-75;90;621022
20;-75;95;894311
25;-75;90;614297
10;-45;105;1085468
15;-40;100;1405827
30;-85;35;328035
30;-80;40;190494
25;-85;40;171834
30;-85;40;207103
5;-90;75;155597
5;-90;80;448529
5;-80;105;1912459
5;-65;105;951532
25;-30;35;252751
30;-25;30;408496
25;-25;35;307461
30;-25;35;451290
25;-5;45;514452
30;-5;40;416393
10;-35;80;357463
10;-40;75;197999
25;-5;35;347651
30;-5;30;288832
15;-25;70;312017
5;-70;105;1652708
15;-20;85;446912
10;-25;90;745066
15;-25;85;537534
10;-50;105;535489
10;-50;100;840135
15;-45;100;1209412
15;-40;95;917956
20;-35;95;915493
20;-15;70;341480
10;-30;105;1827618
5;-75;105;1932734
5;-85;105;1598066
5;-90;100;881932
0;-95;95;154393
5;-90;90;701182
15;-40;85;663365
20;-35;80;542160
10;-80;95;1028065
20;-20;70;426699
5;-95;105;332395
5;-95;100;251124
5;-90;105;1024871
10;-90;100;711639
20;-20;65;388391
15;-25;55;214187
15;-25;50;211930
15;-20;55;173386
20;-20;50;481109
10;-80;85;463445
10;-80;100;1293935
25;-75;60;341974
30;-70;55;354670
25;-70;60;252837
30;-70;60;290675
35;-10;45;405493
30;-15;45;240698
35;-15;40;414622
15;-25;95;812795
20;-20;90;383565
20;-20;95;522886
20;-30;70;350161
15;-35;70;310592
20;-30;65;369359
20;-35;65;365481
10;-20;100;611181
10;-70;90;361957
25;-25;40;265794
20;-30;40;66549
20;-20;75;404122
20;-25;70;404026
10;-75;100;1413937
10;-75;95;920932
25;-10;45;375205
20;-15;45;277705
10;-20;105;1045693
10;-15;95;154393
10;-20;80;375069
10;-40;85;504338
10;-45;85;262282
10;-30;90;717017
15;-70;80;101337
15;-70;85;258684
10;-85;75;143136
10;-80;80;235609
10;-85;80;340706
35;-10;30;431320
35;-15;30;435526
10;-60;100;775168
10;-60;105;558706
15;-40;65;192807
10;-80;90;739627
10;-35;65;148918
15;-35;60;159329
15;-25;80;396102
10;-40;80;373673
10;-90;85;554478
10;-85;90;706718
15;-85;85;434230
10;-25;70;160236
15;-25;65;286233
10;-25;105;1459164
15;-15;60;154219
10;-30;70;147043
20;-15;60;388533
15;-40;80;478181
15;-45;80;375775
10;-30;65;122475
15;-25;60;204553
15;-20;50;178363
20;-20;45;351032
20;-15;65;360235
20;-20;55;451514
20;-30;100;950363
15;-35;105;1859184
20;-35;100;1139012
15;-40;60;118724
20;-35;55;290109
20;-35;60;379556
20;-20;80;447702
20;-25;75;370271
15;-70;90;414274
15;-75;90;571913
15;-65;90;155638
10;-55;100;848871
20;-75;75;355908
25;-70;70;515420
20;-70;75;227832
25;-70;75;355908
20;-35;75;368309
15;-75;80;169138
20;-70;80;161065
15;-75;85;386962
10;-55;105;455839
15;-40;90;639046
30;-15;60;395493
25;-20;60;371911
30;-15;55;470158
30;-20;55;507950
15;-80;85;419956
15;-75;95;849157
15;-80;90;626506
10;-75;80;138393
10;-85;100;1143378
10;-85;95;926118
10;-90;95;768947
20;-30;85;644704
20;-10;70;142922
25;-10;65;242926
20;-15;55;385831
25;-20;65;309323
25;-20;70;384424
25;-40;75;368309
20;-45;75;247700
25;-40;70;344767
25;-45;70;310592
25;-30;50;532990
25;-30;45;475655
25;-25;50;513348
30;-25;45;276320
20;-20;85;473901
20;-25;80;465970
25;-85;35;168184
25;-80;40;154706
20;-85;40;155657
10;-90;75;213455
10;-90;80;428771
10;-80;105;1796414
10;-65;105;966407
25;-5;30;213015
20;-15;30;224245
25;-10;25;222631
25;-15;25;257011
30;-20;35;452692
25;-20;40;287806
30;-20;40;333185
5;-95;95;259958
10;-70;105;1627302
25;-65;100;1152314
20;-70;100;1073466
25;-65;95;849157
25;-70;95;894311
20;-20;60;371483
25;-15;55;432789
15;-25;90;690888
20;-25;85;594007
20;-30;45;326052
25;-25;45;374930
20;-30;80;506213
20;-40;60;212431
15;-25;100;879006
20;-25;95;696473
15;-20;100;529854
10;-75;105;1999507
10;-85;105;1531591
25;-25;65;350178
25;-25;60;371705
25;-30;60;346035
15;-80;75;120980
15;-80;80;202259
10;-90;90;572618
20;-40;70;360938
25;-35;65;386435
20;-35;70;344767
25;-35;70;350919
15;-85;90;580958
20;-80;85;450070
25;-30;70;386100
25;-30;65;371618
20;-25;65;334674
15;-80;95;892790
15;-80;100;1198416
25;-20;45;267740
30;-20;45;225197
10;-90;70;165991
10;-85;70;203269
10;-95;95;212187
10;-90;105;995907
10;-95;85;195236
15;-90;80;333106
15;-90;85;455082
25;-25;75;426066
25;-25;80;474507
15;-30;75;337372
20;-30;75;381301
15;-50;100;1062653
20;-75;85;454085
25;-70;80;249657
20;-70;85;346958
25;-70;85;454085
20;-30;95;806658
15;-75;100;1152314
30;-10;45;398624
25;-15;45;268908
15;-20;105;716478
15;-35;75;322013
15;-85;70;367851
15;-85;75;171893
30;-5;35;440881
15;-85;80;290520
40;-10;35;380828
40;-10;30;474900
40;-15;30;448956
25;-25;55;521458
30;-20;50;382672
25;-20;55;514127
15;-60;100;1068918
15;-60;105;966407
30;-10;20;371799
30;-5;25;245621
30;-10;25;348871
15;-60;95;385351
15;-40;70;245385
20;-40;65;307837
20;-15;85;240262
30;-10;55;436179
30;-10;50;297626
30;-15;50;314191
15;-55;100;1064392
15;-20;45;125595
20;-20;40;160317
25;-25;85;547658
25;-30;80;545537
15;-25;105;1493093
15;-40;75;247700
20;-20;30;191944
25;-20;25;296989
15;-40;105;1742966
20;-40;100;1334627
15;-30;105;1588504
10;-45;80;183706
15;-45;75;182056
15;-45;105;1472768
20;-45;100;1405827
15;-45;85;454073
40;-10;40;439490
40;-15;35;408704
15;-45;70;200204
10;-45;75;121288
20;-40;80;541581
20;-30;60;384942
25;-20;85;343110
25;-20;80;346701
20;-75;70;515420
25;-70;65;388071
20;-70;70;274613
20;-40;85;702087
20;-45;80;478181
10;-45;70;122558
15;-50;95;644851
30;-5;45;510010
35;-5;40;470062
20;-10;45;238354
20;-5;50;343164
10;-50;90;156385
15;-50;85;262282
35;-10;20;484190
35;-5;25;352076
35;-10;25;391177
35;-30;50;474979
35;-30;45;276320
35;-25;50;381592
40;-25;45;206412
20;-15;75;323675
25;-15;70;320625
25;-10;70;130560
25;-15;65;287377
15;-50;90;357328
20;-60;95;788936
20;-60;90;361957
20;-65;90;414274
20;-70;90;536938
20;-10;30;124959
15;-50;105;1085468
25;-35;60;368642
25;-35;55;334782
15;-55;105;951532
25;-40;50;235202
30;-35;45;475655
25;-35;50;590215
30;-35;50;532990
20;-45;85;663365
20;-50;80;373673
15;-55;95;494638
20;-40;55;217937
25;-60;95;920932
25;-60;90;560427
25;-65;90;571913
15;-90;75;265346
10;-95;75;136392
15;-90;70;421532
15;-95;70;275885
10;-95;80;171799
15;-95;75;239194
25;-25;70;411431
25;-5;65;235424
20;-65;85;258684
20;-75;65;388071
20;-70;65;150529
20;-10;35;168157
15;-85;65;342532
15;-80;70;167546
15;-85;60;213810
15;-80;65;214103
10;-85;65;162234
20;-20;35;192907
15;-75;75;166591
25;-15;60;381043
15;-85;100;930802
15;-85;95;776274
15;-90;95;534152
20;-75;80;249657
30;-20;60;391071
20;-75;105;1747536
20;-75;100;1241816
20;-70;105;1611080
25;-70;100;1241816
25;-30;55;462415
15;-35;55;106478
30;-40;45;326052
35;-35;40;265794
35;-35;45;374930
25;-10;50;395914
25;-15;50;341337
20;-75;50;207713
25;-70;45;174436
20;-70;50;114801
25;-70;50;207713
20;-30;105;1627870
25;-65;75;166591
25;-60;80;138393
20;-65;80;101337
25;-65;80;169138
20;-40;75;311750
25;-35;75;396048
20;-45;65;192807
25;-10;55;411426
20;-25;35;128161
20;-25;30;149416
25;-20;30;320676
20;-25;40;131270
25;-20;35;286968
10;-90;65;141288
20;-25;45;422214
25;-75;85;468961
30;-70;80;280646
30;-70;85;450070
20;-55;90;398669
20;-55;95;837070
15;-80;105;1758882
15;-65;105;1141062
35;-5;30;399766
25;-35;80;534186
30;-15;25;364158
25;-30;90;716489
25;-30;95;817340
15;-70;105;1613261
30;-65;100;1198416
30;-65;95;892790
30;-70;95;821038
25;-15;80;257109
15;-50;70;122558
20;-45;70;245385
15;-50;75;121288
15;-50;80;183706
20;-50;95;842798
20;-50;100;1355854
20;-40;90;765886
20;-45;90;639046
15;-80;60;183415
25;-20;50;458335
15;-75;70;281898
30;-10;65;149078
30;-10;70;112268
15;-75;65;270350
30;-20;30;412028
15;-75;105;1722928
15;-85;105;1531901
15;-90;100;498056
25;-40;100;1139012
20;-45;105;1742966
25;-45;100;1328165
25;-35;85;676473
25;-40;65;365481
25;-25;25;261418
25;-25;20;116764
30;-20;20;399431
15;-85;55;272653
20;-80;50;278291
15;-80;55;196741
20;-80;55;354670
20;-80;75;324542
20;-80;80;280646
15;-95;80;196967
15;-90;90;460468
25;-25;95;612747
25;-25;30;359444
30;-20;25;348718
25;-20;75;433713
20;-80;45;216850
15;-85;45;162256
20;-85;45;272113
20;-50;70;174846
25;-45;65;206155
25;-50;65;148918
30;-30;70;377508
30;-30;65;375658
30;-35;65;371618
15;-80;50;134052
20;-75;55;302751
20;-75;60;252837
20;-80;60;290675
20;-80;65;353031
15;-90;60;245785
15;-90;65;357889
20;-80;95;821038
20;-80;100;1208378
20;-80;70;470250
25;-40;60;379556
15;-95;90;171164
10;-95;105;316496
15;-90;105;737721
25;-40;55;290109
30;-25;65;332407
30;-25;60;392802
30;-30;60;363114
15;-95;85;195448
15;-95;95;276468
20;-90;80;331339
20;-90;85;404875
30;-20;65;248881
30;-20;70;298990
15;-85;50;177051
30;-20;75;357135
30;-20;80;350813
30;-25;75;367821
30;-25;80;445420
30;-25;40;280474
25;-30;40;248277
30;-30;35;434878
20;-15;80;283569
25;-20;90;257260
25;-20;95;201991
20;-25;90;655302
25;-5;50;391051
20;-40;95;1007397
20;-35;50;235202
20;-20;100;359335
20;-25;100;855837
20;-85;85;418291
25;-75;75;427163
30;-70;70;470250
30;-70;75;324542
20;-20;105;457523
20;-25;105;1518749
35;-5;35;425628
45;-10;35;375804
45;-10;30;503458
45;-15;30;488429
35;-20;30;453261
35;-20;25;397972
40;-15;25;419252
20;-60;100;1417514
20;-60;105;1627302
30;-20;90;222578
30;-20;95;180946
30;-5;65;185295
40;-5;35;454924
40;-5;40;501655
20;-15;25;132880
20;-45;95;917956
25;-35;90;788485
25;-35;95;835400
25;-75;55;339293
30;-70;50;278291
25;-70;55;302751
30;-5;50;347823
25;-5;55;287060
30;-5;55;342540
20;-55;100;1428016
20;-50;90;488015
20;-35;105;1667798
25;-40;45;229354
30;-35;40;248277
25;-35;45;403398
20;-50;75;197999
30;-5;60;208574
30;-30;30;425244
30;-5;20;342272
25;-5;25;230088
30;-40;50;518068
35;-35;50;513348
25;-20;20;209882
30;-15;20;379501
20;-40;105;1870024
25;-30;75;409407
20;-50;85;504338
25;-20;15;200876
30;-15;15;336944
30;-20;15;325096
30;-20;85;215997
25;-75;70;574318
30;-70;65;353031
35;-85;35;382414
35;-80;40;207103
35;-85;40;248562
20;-85;70;509871
20;-85;75;351632
20;-85;80;314933
40;-10;20;483280
40;-5;25;450396
40;-10;25;410850
25;-55;90;534010
25;-55;85;465460
25;-60;85;344536
45;-10;40;332199
40;-15;40;473743
45;-15;35;356315
30;-35;55;462415
30;-35;60;346035
20;-70;60;156385
25;-80;75;457169
25;-75;80;319666
25;-80;80;364276
30;-10;60;298720
30;-15;10;361527
30;-20;10;204429
25;-30;100;983812
25;-35;100;993346
25;-45;75;322013
25;-50;70;157651
25;-10;20;221346
30;-15;65;246423
20;-85;95;592048
25;-80;95;718378
15;-55;90;101568
20;-55;85;314040
40;-10;45;375060
35;-15;45;310506
20;-85;90;512488
25;-15;20;298763
30;-10;15;413861
20;-50;105;1655626
40;-30;50;382672
40;-30;45;225197
40;-25;50;329347
45;-25;45;310506
25;-25;90;577947
25;-15;75;266795
20;-55;105;1652708
25;-25;100;561153
25;-75;65;388937
20;-85;50;375169
25;-30;30;333776
30;-25;25;379850
30;-30;25;425406
20;-90;55;407846
15;-95;55;111654
20;-90;50;408446
20;-95;50;295049
20;-90;60;340278
15;-95;60;136122
20;-95;55;348525
20;-90;65;430673
15;-95;65;239387
20;-95;60;340864
20;-90;70;536222
20;-95;65;344288
20;-90;75;421471
20;-95;70;489199
20;-95;75;338406
30;-25;70;313898
35;-5;15;619340
25;-80;85;440999
20;-85;65;390271
20;-85;55;324296
20;-85;60;335619
30;-75;70;545606
35;-70;65;390271
35;-70;70;509871
30;-25;55;553618
20;-60;85;266829
20;-85;100;773433
20;-90;95;448011
30;-40;100;950363
25;-45;105;1859184
30;-45;100;1134610
35;-20;35;462842
25;-75;105;1858498
25;-75;100;1336307
25;-70;105;1747536
30;-70;100;1208378
20;-35;45;229354
30;-30;55;518917
30;-40;40;66549
35;-35;35;307461
35;-40;45;422214
40;-35;40;287806
40;-35;45;267740
20;-75;45;174436
25;-75;45;260616
30;-70;40;64154
30;-70;45;216850
25;-50;100;1481044
25;-50;105;1848221
25;-55;100;1594127
25;-75;50;367310
25;-30;85;630856
35;-5;45;526083
25;-45;90;718900
25;-45;85;645283
25;-50;85;544422
25;-70;90;621022
25;-50;90;622164
15;-90;45;124468
15;-90;40;132598
15;-90;50;171132
15;-90;55;231951
20;-45;60;118724
25;-40;80;542160
25;-40;85;678783
20;-80;105;1649408
20;-65;105;1613261
30;-30;95;834962
30;-25;100;404771
30;-30;100;850435
40;-5;30;465411
20;-90;90;405468
25;-85;30;235540
25;-80;35;131237
20;-85;35;64097
20;-55;75;129355
25;-50;75;207958
20;-55;80;184572
25;-50;80;357463
25;-55;95;988847
35;-15;55;412056
20;-80;40;64154
35;-25;55;507758
25;-45;80;471116
25;-80;90;543021
25;-75;95;833251
25;-55;105;1932734
25;-60;100;1413937
30;-25;85;462300
30;-95;20;419284
25;-100;20;252175
30;-95;15;372283
30;-100;15;358231
20;-85;105;1378964
20;-90;100;307603
30;-75;85;440999
35;-70;80;314933
35;-70;85;418291
30;-35;70;386100
30;-40;65;369359
35;-65;100;930802
35;-65;95;776274
35;-70;95;592048
30;-25;10;165720
30;-25;5;240590
35;-20;5;323075
20;-95;80;192102
30;-30;90;623908
30;-25;95;559735
40;-25;55;470289
35;-30;55;553618
50;-10;25;457966
50;-5;30;400036
50;-10;30;496818
20;-90;35;104569
20;-90;40;189284
20;-90;45;314930
30;-55;95;1037323
30;-50;100;1323910
30;-55;100;1355503
25;-80;100;998450
40;-25;20;371305
40;-25;15;366338
40;-20;20;449369
45;-20;15;502143
25;-65;85;386962
30;-80;25;248322
25;-80;30;168836
30;-80;30;309787
35;-20;60;355387
30;-40;60;384942
20;-95;85;182502
20;-95;90;278423
20;-90;105;684292
30;-30;20;264403
35;-25;20;321635
35;-30;20;312510
30;-40;55;341582
35;-25;65;276786
35;-25;60;394113
35;-30;60;392802
20;-95;95;336371
30;-25;20;312510
30;-25;15;205939
35;-20;15;366338
25;-90;80;430679
25;-90;85;389293
35;-15;25;373623
35;-25;15;257135
35;-20;20;371305
40;-20;15;464160
35;-20;45;206412
35;-20;40;387381
35;-20;50;329347
35;-15;50;254984
40;-15;45;366487
40;-25;65;237905
35;-30;65;332407
40;-25;60;355387
40;-30;60;391071
20;-100;40;244974
20;-100;45;300029
15;-105;45;153791
20;-105;40;201812
20;-105;45;336130
30;-75;60;286203
35;-70;55;324296
35;-70;60;335619
35;-15;60;367965
35;-20;55;470289
25;-15;15;228064
30;-10;10;318101
30;-40;75;381301
30;-40;70;350161
30;-45;70;281547
30;-30;80;520145
25;-55;80;252066
25;-35;40;203268
25;-40;90;805439
25;-40;95;915493
25;-45;55;106478
25;-5;70;194937
25;-45;60;159329
25;-60;105;1999507
30;-75;55;298750
35;-70;50;375169
50;-10;20;437565
50;-5;25;325347
45;-10;25;428770
25;-25;105;1143292
35;-35;55;521458
35;-35;60;371705
45;-5;35;400971
45;-5;40;417667
30;-60;95;1028065
30;-60;90;739627
30;-65;90;626506
25;-45;95;988649
30;-35;90;716489
30;-35;95;817340
30;-5;15;324969
35;-5;10;408433
35;-20;10;283453
35;-10;10;569600
25;-30;105;1649232
25;-50;95;974437
30;-15;70;209734
45;-10;45;204654
45;-15;40;422516
25;-35;105;1693982
30;-45;95;902546
35;-10;60;234358
30;-30;40;284426
40;-30;20;399431
35;-35;20;116764
40;-30;15;325096
40;-35;15;200876
35;-10;5;398418
35;-15;5;479317
35;-15;15;467870
35;-15;10;461833
40;-85;35;424541
40;-80;40;256667
40;-85;40;300782
35;-5;20;499025
30;-35;75;409407
25;-40;105;1667798
30;-75;30;168836
30;-75;75;457169
35;-70;75;351632
35;-10;15;532113
40;-5;15;538020
30;-35;80;545537
25;-85;45;286358
25;-80;50;371169
25;-85;50;426026
30;-30;75;443823
30;-15;75;247459
30;-35;100;983812
30;-35;85;630856
25;-80;45;256987
35;-25;30;476219
35;-25;25;369585
35;-30;25;379850
35;-25;40;328425
35;-25;35;439751
35;-30;35;451290
35;-10;55;343363
35;-10;50;252392
35;-15;20;425470
35;-5;50;291502
35;-5;55;350517
35;-40;50;506072
40;-35;50;458335
30;-45;65;201797
30;-50;65;122475
25;-85;90;468285
25;-85;85;433036
35;-30;30;408496
35;-20;85;162087
35;-20;80;227048
35;-25;80;377031
30;-25;90;508071
25;-85;70;547643
25;-85;75;502821
25;-85;80;407382
25;-75;40;118862
30;-75;80;364276
25;-80;55;298750
25;-80;60;286203
30;-45;75;337372
30;-50;70;147043
25;-80;65;374097
30;-50;95;1014063
25;-80;70;545606
30;-75;65;374097
30;-65;80;202259
30;-60;85;463445
30;-65;85;419956
25;-90;45;320065
20;-95;45;258688
25;-90;40;247052
25;-95;40;325934
25;-90;50;427405
25;-95;45;370771
25;-90;55;442315
25;-95;50;444255
25;-90;60;384491
25;-95;55;450976
25;-90;65;424991
25;-95;60;416739
25;-90;70;580894
25;-95;65;378804
25;-90;75;530846
25;-95;70;525229
25;-95;75;464450
25;-85;100;582033
25;-85;95;466165
25;-90;95;409311
30;-75;90;543021
35;-40;35;128161
40;-35;30;320676
40;-35;35;286968
25;-85;65;379574
25;-85;55;352549
25;-85;60;330152
30;-40;95;806658
45;-10;20;433917
45;-5;25;494704
45;-15;20;421951
35;-15;65;187564
30;-75;105;1802452
30;-75;100;998450
30;-70;105;1649408
35;-70;100;773433
25;-35;35;100590
35;-40;40;131270
25;-75;35;84575
25;-65;65;270350
25;-65;70;281898
40;-40;45;351032
45;-35;40;344667
45;-35;45;268908
30;-60;80;235609
30;-75;45;256987
35;-70;40;155657
35;-70;45;272113
30;-50;80;383198
30;-50;85;565603
30;-75;50;371169
30;-30;85;581589
40;-5;45;328358
30;-70;90;598244
30;-55;80;306232
30;-80;95;483190
20;-95;40;261840
25;-90;35;244202
25;-95;35;316035
20;-90;30;85058
35;-30;15;205939
30;-40;80;506213
30;-40;85;644704
35;-10;65;87053
25;-80;105;1802452
25;-65;105;1722928
30;-55;85;549347
45;-5;30;494212
25;-90;90;404704
30;-40;90;770134
25;-95;30;333439
20;-100;30;137067
25;-95;25;258408
25;-100;25;205927
20;-100;35;172213
25;-100;30;302329
25;-90;30;313977
20;-95;30;112313
25;-90;25;189506
25;-100;35;384372
25;-100;40;449958
20;-100;50;244193
25;-100;45;477635
20;-100;55;309523
25;-100;50;481135
20;-100;60;197244
25;-100;55;476299
20;-100;65;143523
25;-100;60;323689
20;-100;70;111309
25;-100;65;305789
30;-50;75;185864
45;-45;65;197017
45;-45;60;154219
45;-40;65;360235
50;-40;60;148817
35;-25;85;320844
35;-30;80;445420
20;-95;35;102189
40;-15;55;285488
30;-85;90;438394
30;-85;85;467866
30;-90;85;378756
30;-45;60;213049
30;-45;80;438827
30;-45;85;586637
35;-20;65;237905
35;-20;70;255714
35;-20;75;195421
35;-30;70;313898
35;-35;65;350178
35;-95;20;493179
30;-100;20;463297
35;-95;15;453577
35;-100;15;514613
45;-25;55;412056
40;-30;55;507950
45;-25;50;254984
45;-30;50;314191
35;-35;75;426066
35;-35;70;411431
35;-40;70;404026
25;-85;105;886820
25;-90;100;304798
35;-75;85;433036
40;-70;80;331339
40;-70;85;404875
30;-45;90;755555
30;-60;100;1293935
35;-25;10;190222
35;-25;5;210569
40;-20;5;425843
35;-40;60;344380
25;-95;80;215872
30;-85;30;453388
35;-80;25;262798
35;-80;30;453388
30;-80;90;520787
40;-20;35;464403
40;-20;30;452231
40;-40;35;192907
45;-35;30;395867
45;-35;35;332350
30;-50;90;717017
35;-25;75;263811
35;-55;95;899887
35;-50;100;1000533
35;-55;100;996514
35;-40;65;334674
35;-40;55;464090
35;-30;10;165720
40;-25;10;283453
40;-10;55;227012
40;-10;50;200332
40;-15;50;184912
30;-55;90;777049
25;-85;25;190440
35;-25;70;283806
30;-85;100;355486
30;-85;95;413397
30;-90;95;257265
40;-20;50;248428
25;-95;85;199342
25;-95;90;256266
25;-90;105;533596
35;-65;80;290520
35;-60;85;492211
35;-65;85;434230
35;-30;75;367821
35;-30;90;508071
35;-25;95;325162
35;-30;95;559735
40;-20;25;440597
45;-15;25;399735
20;-105;35;242997
20;-105;50;437354
20;-105;55;185606
25;-100;70;216822
40;-20;45;297774
40;-20;40;410196
45;-15;45;298947
45;-25;65;187564
40;-30;65;248881
45;-25;60;367965
45;-30;60;395493
25;-105;30;210825
25;-105;35;354210
25;-105;40;523647
25;-105;45;484593
25;-105;50;470865
25;-105;55;487364
25;-30;25;260298
30;-75;35;131237
35;-75;60;330152
40;-70;55;407846
40;-70;60;340278
35;-35;100;561153
30;-40;105;1627870
35;-40;100;855837
30;-35;25;260298
40;-5;5;299699
30;-35;30;333776
30;-35;35;252751
30;-45;55;180623
30;-15;80;218413
30;-60;105;1796414
35;-75;55;352549
40;-70;50;408446
30;-25;105;562760
40;-35;55;514127
40;-35;60;371911
50;-5;35;293550
35;-60;95;926118
35;-60;90;706718
35;-65;90;580958
30;-45;105;1588504
35;-45;100;879006
30;-80;85;451023
35;-35;90;577947
35;-35;95;612747
40;-5;10;526826
40;-20;10;352247
40;-10;10;458476
40;-10;5;442731
30;-30;105;1630934
30;-85;65;399947
30;-80;70;545741
30;-85;70;559015
35;-15;70;140640
30;-20;5;387760
30;-35;105;1649232
35;-45;95;812795
35;-30;40;280474
45;-30;20;379501
40;-35;20;209882
45;-30;15;336944
45;-35;15;228064
40;-15;5;300152
40;-15;15;502143
40;-15;10;464676
40;-5;20;476422
40;-15;60;355936
40;-20;55;432488
35;-75;30;235540
30;-65;65;214103
30;-65;70;167546
30;-65;75;120980
35;-75;75;502821
40;-70;70;536222
40;-70;75;421471
40;-10;15;546476
45;-5;15;378107
35;-35;80;474507
30;-85;45;332430
30;-80;50;454019
30;-85;50;466189
35;-35;25;261418
35;-35;30;359444
35;-15;75;124862
35;-75;70;547643
40;-70;65;430673
35;-40;75;370271
35;-45;70;312017
45;-85;35;483458
45;-80;40;331061
45;-85;40;359839
35;-35;85;547658
30;-85;60;371016
30;-80;65;357433
30;-75;95;718378
40;-25;30;453261
40;-25;25;397972
40;-30;25;348718
40;-25;40;387381
40;-25;35;462842
40;-30;35;452692
30;-80;75;543443
30;-80;80;440856
40;-15;20;474125
40;-5;50;186555
40;-5;55;280362
40;-40;50;481109
45;-35;50;341337
40;-30;30;412028
30;-90;80;482460
45;-40;45;277705
50;-35;45;375205
30;-85;75;572550
30;-80;35;255130
30;-85;80;481070
30;-75;40;154706
35;-75;80;407382
30;-80;45;289231
30;-80;55;369900
30;-80;60;318214
30;-65;60;183415
35;-45;75;261989
35;-50;70;160236
35;-50;95;816261
35;-75;65;379574
30;-50;105;1827618
30;-90;45;268715
30;-90;40;256667
30;-95;40;331061
30;-90;50;445714
30;-95;45;317841
30;-90;55;455076
30;-95;50;418089
30;-90;60;425139
30;-95;55;469117
30;-90;65;434350
30;-95;60;452866
30;-90;70;581449
30;-95;65;424694
30;-90;75;609253
30;-95;70;497477
30;-95;75;485600
35;-75;90;468285
35;-30;100;404771
40;-20;60;397536
30;-55;105;1912459
30;-85;55;428067
35;-40;95;696473
30;-90;15;317960
25;-95;15;204812
30;-90;10;244112
30;-95;10;319687
30;-85;25;262798
30;-80;20;116794
30;-85;20;248782
35;-75;35;168184
40;-70;30;85058
35;-70;35;64097
40;-70;35;104569
30;-80;100;750002
40;-15;65;160635
25;-95;20;268287
25;-90;20;164368
30;-65;50;134052
30;-65;55;196741
40;-40;40;160317
35;-60;75;143136
35;-60;80;340706
50;-20;30;474900
45;-25;30;435526
50;-20;25;410850
50;-25;25;391177
35;-75;45;286358
40;-70;40;189284
40;-70;45;314930
35;-50;80;368778
35;-50;85;568647
35;-75;50;426026
35;-30;85;462300
35;-70;90;512488
35;-45;65;286233
35;-55;80;351853
40;-40;60;371483
45;-35;55;432789
45;-35;60;381043
35;-80;95;413397
30;-90;35;365106
30;-95;35;439900
35;-40;80;465970
35;-40;85;594007
30;-80;105;1468027
30;-65;105;1758882
35;-55;85;592067
55;-20;25;450396
55;-20;20;476422
55;-25;20;499025
45;-5;5;323267
35;-40;90;655302
30;-95;25;344185
30;-95;30;455627
30;-100;25;398627
30;-100;30;379620
30;-90;30;431010
30;-90;25;317168
30;-100;35;432226
30;-100;40;443011
30;-100;45;442843
30;-100;50;419363
30;-100;55;487490
30;-100;60;447480
30;-100;65;317585
35;-50;75;158856
45;-95;20;513851
40;-100;20;573733
45;-95;15;427747
45;-100;15;384778
30;-90;90;461961
40;-25;85;162087
40;-25;80;227048
40;-30;80;350813
45;-15;55;155985
35;-85;90;532723
35;-85;85;415329
35;-90;85;321207
30;-90;20;350996
35;-45;60;204553
35;-45;80;396102
35;-45;85;537534
40;-20;65;188719
40;-20;70;175097
40;-20;75;118285
40;-30;70;298990
40;-35;65;309323
40;-70;100;307603
40;-70;95;448011
40;-65;100;498056
45;-65;95;276468
40;-95;20;530255
35;-100;20;534427
40;-95;15;512959
40;-100;15;514689
40;-35;75;433713
40;-35;70;384424
40;-40;70;426699
30;-85;105;736791
30;-90;100;323658
40;-75;85;389293
45;-70;80;192102
45;-70;85;182502
35;-45;90;690888
35;-60;100;1143378
40;-25;5;323075
45;-20;5;300152
30;-95;80;336654
35;-85;30;464244
40;-80;25;317168
40;-80;30;431010
35;-80;90;438394
35;-50;90;745066
40;-25;75;195421
40;-55;95;906350
40;-50;100;611181
40;-55;100;881932
40;-40;65;388391
40;-40;55;451514
40;-30;10;204429
45;-25;10;461833
35;-55;90;834443
30;-85;15;205733
40;-25;70;255714
35;-85;100;281853
35;-85;95;250365
35;-90;95;198395
45;-20;50;184912
30;-95;85;198611
35;-30;5;240590
45;-25;20;425470
40;-65;80;333106
40;-60;85;554478
40;-65;85;455082
40;-30;75;357135
45;-85;10;418657
50;-80;5;281622
45;-80;10;319687
50;-80;10;247547
25;-105;25;131095
25;-105;20;126630
25;-105;60;220839
30;-100;70;276150
35;-60;70;203269
35;-60;65;162234
35;-65;65;342532
35;-65;70;367851
35;-65;75;171893
30;-105;15;246680
30;-105;20;359631
30;-105;25;318612
30;-105;30;370141
30;-105;35;378043
30;-105;40;478233
30;-105;45;451088
30;-105;50;391197
30;-105;55;498577
30;-105;60;449616
40;-75;60;384491
45;-70;55;348525
45;-70;60;340864
40;-30;5;387760
30;-30;15;143613
35;-25;90;282443
45;-15;50;120991
35;-45;50;211930
35;-45;55;214187
35;-60;105;1531591
40;-75;55;442315
45;-70;50;295049
40;-40;100;359335
35;-45;105;1493093
40;-45;100;529854
35;-80;85;467866
40;-35;90;257260
40;-35;95;201991
45;-5;10;312198
45;-20;10;464676
45;-10;10;367358
45;-10;5;200157
35;-30;105;562760
35;-85;65;437825
35;-80;70;559015
35;-85;70;577234
40;-15;70;111490
35;-35;105;1143292
40;-45;95;642250
40;-30;40;333185
45;-15;5;300022
45;-15;15;441478
45;-15;10;300058
45;-5;45;229740
50;-10;40;299215
50;-10;35;354718
50;-5;40;257279
55;-5;35;64696
40;-30;90;222578
40;-30;95;180946
45;-5;20;490436
35;-40;105;1518749
40;-60;100;711639
40;-60;105;995907
35;-65;105;1531901
45;-15;60;213863
45;-20;55;285488
40;-75;30;313977
45;-35;20;298763
35;-65;50;177051
35;-65;55;272653
35;-65;60;213810
40;-75;75;530846
45;-70;70;489199
45;-70;75;338406
45;-10;15;404541
50;-5;15;280613
40;-35;80;346701
35;-85;45;285632
35;-80;50;466189
35;-85;50;433191
40;-35;25;296989
40;-75;70;580894
45;-70;65;344288
40;-40;75;404122
40;-45;70;305041
40;-35;85;343110
35;-85;60;423903
35;-80;65;399947
35;-75;95;466165
45;-25;25;373623
45;-30;25;364158
45;-25;40;414622
45;-25;35;465350
45;-30;35;491038
35;-80;75;572550
35;-80;80;481070
50;-20;35;380828
50;-25;30;431320
40;-45;65;280698
40;-50;65;93139
45;-20;20;474125
45;-30;30;428566
35;-90;80;519776
35;-85;75;608444
35;-80;35;328035
35;-85;80;566531
35;-75;40;171834
40;-75;80;430679
35;-80;45;332430
35;-65;45;162256
35;-80;55;428067
35;-80;60;371016
40;-45;75;230568
40;-50;70;148647
40;-50;95;672236
35;-75;100;582033
40;-75;65;424991
35;-50;105;1459164
35;-85;15;250395
35;-90;45;240120
35;-90;40;300782
35;-95;40;359839
35;-90;50;407885
35;-95;45;327603
35;-90;55;461355
35;-95;50;355080
35;-90;60;431348
35;-95;55;442091
35;-90;65;447698
35;-95;60;402055
35;-90;70;587133
35;-95;65;382119
35;-90;75;590950
35;-95;70;413191
35;-95;75;302543
40;-75;90;404704
50;-15;10;367358
50;-10;15;296964
50;-15;15;404541
45;-20;60;355936
35;-55;105;1598066
35;-85;55;453487
35;-90;15;402474
35;-90;10;294959
35;-95;10;418657
35;-80;20;248782
35;-80;15;205733
35;-75;25;190440
35;-85;20;364027
35;-85;25;306551
45;-30;45;240698
40;-75;35;244202
45;-70;30;112313
45;-70;35;102189
35;-80;100;355486
45;-15;65;163946
35;-40;30;149416
45;-5;50;106470
45;-30;55;470158
40;-60;65;141288
40;-60;70;165991
40;-60;75;213455
40;-60;80;428771
50;-35;65;242926
50;-30;70;112268
45;-35;70;320625
50;-35;70;130560
40;-75;45;320065
45;-70;40;261840
45;-70;45;258688
40;-50;80;375069
40;-50;85;536889
40;-75;50;427405
40;-30;85;215997
50;-5;45;253389
55;-5;40;369774
40;-70;90;405468
40;-55;80;448529
50;-20;45;375060
50;-20;40;439490
50;-25;40;490218
40;-80;95;257265
35;-85;10;173774
35;-90;35;424541
35;-95;35;483458
45;-25;15;467870
45;-20;30;448956
45;-20;35;408704
45;-20;40;473743
45;-20;45;366487
45;-10;50;110987
40;-40;80;447702
40;-40;85;473901
35;-80;105;736791
40;-55;85;604694
30;-100;5;281622
30;-95;5;417356
35;-95;5;513365
55;-5;30;401233
40;-40;90;383565
40;-40;95;522886
35;-100;10;441022
35;-95;25;442623
35;-95;30;503027
35;-100;25;506967
35;-100;30;505242
35;-90;30;486001
35;-90;25;370956
35;-100;35;469057
35;-100;40;459841
35;-100;45;390759
35;-100;50;374052
35;-100;55;410669
35;-100;60;381456
35;-100;65;206354
30;-100;75;195840
35;-100;70;189864
40;-50;75;138281
35;-70;105;1378964
40;-60;90;572618
40;-65;90;460468
35;-90;20;420455
40;-80;10;244112
40;-80;15;317960
40;-45;80;344474
40;-45;85;446912
45;-20;65;160635
45;-20;70;111490
45;-30;70;209734
45;-30;65;246423
45;-35;65;287377
40;-55;75;155597
40;-60;95;768947
40;-85;30;486001
45;-80;25;344185
45;-80;30;455627
40;-85;15;402474
45;-80;15;372283
45;-35;75;266795
45;-40;70;341480
35;-75;105;886820
50;-35;55;411426
50;-30;60;298720
50;-35;60;265250
40;-45;90;467807
35;-90;5;242184
40;-85;5;242184
40;-90;5;430009
40;-65;95;534152
30;-100;10;247547
35;-100;5;313076
50;-10;10;257246
45;-20;25;419252
35;-105;5;431520
40;-100;5;409578
45;-40;60;388533
35;-95;80;197504
40;-80;90;461961
55;-20;10;526826
55;-15;15;378107
50;-20;15;546476
55;-20;15;538020
55;-20;35;454924
50;-25;35;421575
55;-20;30;465411
55;-25;30;399766
40;-50;90;571936
35;-105;10;357295
45;-40;25;132880
40;-40;30;191944
45;-40;30;224245
30;-105;10;317906
45;-40;50;368018
45;-40;55;385831
35;-90;90;169416
35;-85;105;382045
40;-55;90;701182
45;-25;70;140640
45;-25;75;124862
45;-25;5;479317
40;-85;85;321207
40;-85;90;169416
45;-65;80;196967
45;-60;85;195236
45;-65;85;195448
45;-30;75;247459
30;-105;65;348384
50;-25;15;532113
50;-20;20;483280
40;-65;65;357889
40;-65;70;421532
40;-65;75;265346
50;-40;70;142922
55;-35;65;235424
55;-35;70;194937
35;-105;15;487953
35;-105;20;538674
35;-105;25;474810
35;-105;30;505778
35;-105;35;522448
35;-105;40;499606
35;-105;45;434337
35;-105;50;366239
35;-105;55;422346
35;-105;60;369513
35;-105;65;240935
50;-40;45;238354
50;-35;50;395914
50;-40;50;210956
40;-45;45;125595
40;-45;50;178363
40;-45;55;173386
40;-45;60;263669
50;-20;10;458476
50;-25;10;569600
55;-20;45;328358
50;-25;45;405493
55;-20;40;501655
55;-25;40;470062
50;-15;45;204654
40;-80;85;378756
40;-85;65;447698
40;-80;70;581449
40;-85;70;587133
45;-30;80;218413
35;-35;5;334821
45;-30;40;403256
50;-15;30;503458
50;-15;25;428770
55;-10;25;325347
40;-40;105;457523
45;-75;30;333439
40;-65;45;124468
50;-30;50;297626
50;-30;55;436179
40;-65;50;171132
40;-65;55;231951
40;-65;60;245785
45;-35;80;257109
40;-45;105;716478
50;-20;50;200332
40;-85;45;240120
40;-80;50;445714
40;-85;50;407885
45;-35;25;257011
45;-40;75;323675
45;-45;70;180342
40;-85;60;431348
40;-80;65;434350
50;-5;20;414822
40;-75;95;409311
40;-80;75;609253
40;-80;80;482460
40;-85;10;294959
45;-80;5;417356
50;-85;35;469057
50;-80;40;443011
50;-85;40;459841
40;-75;25;189506
40;-85;75;590950
40;-80;35;365106
40;-85;80;519776
40;-75;40;247052
40;-65;40;132598
45;-75;80;215872
40;-80;45;268715
40;-80;55;455076
40;-80;60;425139
50;-30;35;427614
50;-30;40;460913
40;-75;100;304798
40;-50;105;1045693
50;-25;60;234358
45;-60;80;171799
40;-95;45;334709
40;-95;40;464116
40;-100;40;492244
40;-90;65;398108
40;-90;60;452332
40;-95;60;421700
40;-90;70;449684
40;-95;65;280132
40;-90;75;571651
40;-95;70;266911
45;-75;85;199342
45;-75;90;256266
40;-55;105;1024871
50;-40;65;106882
40;-85;55;461355
40;-90;15;472093
40;-90;10;414882
40;-95;10;413516
40;-75;20;164368
40;-80;20;350996
40;-85;20;420455
40;-85;25;370956
40;-80;100;323658
50;-25;50;252392
50;-25;55;343363
45;-60;75;136392
50;-15;35;375804
45;-70;90;278423
45;-70;95;336371
40;-105;5;256349
45;-40;40;173193
55;-25;25;352076
45;-40;80;283569
45;-40;85;240262
40;-90;80;349906
40;-65;105;737721
50;-35;35;409975
50;-35;40;368415
40;-95;5;257551
40;-100;10;398202
40;-90;30;512025
40;-90;25;463576
40;-95;25;486720
40;-95;30;522037
40;-100;25;524600
40;-95;35;526515
40;-100;30;536781
40;-100;35;513953
40;-90;55;445587
40;-90;50;319347
40;-95;50;309947
40;-100;45;437814
40;-95;55;381945
40;-100;50;329587
40;-100;55;355541
40;-100;60;287054
40;-100;65;158010
40;-70;105;684292
45;-55;95;259958
45;-45;75;133509
45;-45;80;171176
45;-45;85;227486
45;-85;15;453577
50;-80;15;358231
45;-85;30;503027
50;-80;25;398627
50;-80;30;379620
40;-85;95;198395
40;-75;105;533596
50;-20;55;227012
45;-85;5;513365
45;-90;5;257551
40;-90;20;487891
40;-90;35;495614
40;-90;40;350260
40;-90;45;297715
50;-35;25;222631
50;-35;30;293197
50;-25;20;484190
40;-105;10;379459
45;-60;95;212187
50;-15;40;332199
50;-95;20;491224
45;-100;20;491224
50;-95;15;384778
50;-100;15;339667
50;-15;20;433917
50;-10;5;145387
50;-15;50;110987
45;-100;5;267699
45;-65;75;239194
40;-105;15;561071
40;-105;20;596549
40;-105;25;562587
40;-105;30;532952
40;-105;35;541384
40;-105;40;517903
40;-105;45;410571
40;-105;50;409272
40;-105;55;352288
40;-105;60;206803
45;-30;10;361527
50;-20;5;442731
45;-75;35;316035
50;-30;15;413861
50;-30;20;371799
50;-80;60;447480
50;-75;60;323689
50;-75;65;305789
55;-75;60;220839
50;-15;5;200157
45;-40;35;209942
45;-45;55;123302
55;-5;25;83389
50;-25;65;87053
50;-30;65;149078
45;-80;85;198611
55;-10;20;414822
45;-85;65;382119
45;-80;70;497477
45;-85;70;413191
45;-80;35;439900
45;-75;40;325934
50;-75;35;384372
45;-75;60;416739
45;-75;55;450976
50;-70;55;309523
50;-30;25;348871
50;-30;10;318101
55;-25;15;619340
50;-75;30;302329
45;-65;90;171164
45;-65;55;111654
45;-65;60;136122
45;-65;65;239387
45;-65;70;275885
50;-30;30;385251
45;-85;45;327603
45;-80;50;418089
45;-85;50;355080
50;-30;45;398624
45;-85;60;402055
45;-80;65;424694
45;-75;45;370771
45;-75;50;444255
45;-75;65;378804
45;-75;70;525229
45;-75;75;464450
45;-80;75;485600
45;-80;80;336654
50;-40;40;169396
45;-50;95;154393
55;-15;35;400971
55;-10;40;257279
55;-15;40;417667
45;-75;15;204812
45;-75;20;268287
45;-75;25;258408
45;-85;75;302543
45;-85;80;197504
45;-80;45;317841
45;-80;55;469117
45;-80;60;452866
55;-30;35;440881
55;-30;40;416393
45;-55;100;251124
45;-90;45;334709
45;-90;40;464116
45;-95;40;474460
45;-90;50;309947
45;-95;45;432184
45;-90;55;381945
45;-95;50;315140
45;-90;60;421700
45;-95;55;392274
45;-90;65;280132
45;-95;60;368697
45;-90;70;266911
45;-95;65;144534
45;-85;55;442091
45;-90;15;512959
45;-90;10;413516
45;-95;10;380420
45;-80;20;419284
45;-85;20;493179
45;-85;25;442623
50;-40;35;168157
45;-55;105;332395
50;-25;5;398418
45;-90;35;526515
45;-95;35;492443
55;-35;35;347651
55;-35;40;403159
45;-95;5;300006
45;-100;10;282408
45;-95;25;506865
45;-95;30;519513
45;-100;25;543360
45;-100;30;543198
45;-90;30;522037
45;-90;25;486720
45;-100;35;484045
45;-100;40;435801
45;-100;45;392776
45;-100;50;337022
50;-75;55;476299
45;-100;55;322888
45;-100;60;223922
50;-40;55;213988
50;-70;35;172213
45;-90;20;530255
50;-70;70;111309
55;-10;15;280613
50;-85;5;313076
50;-90;5;409578
55;-90;45;410571
50;-95;45;392776
55;-90;40;517903
55;-95;40;414448
55;-75;35;354210
50;-75;40;449958
55;-75;40;523647
50;-70;40;244974
55;-70;35;242997
50;-75;45;477635
50;-70;45;300029
55;-70;40;201812
55;-35;45;514452
45;-105;10;232499
55;-10;30;400036
55;-15;25;494704
55;-15;30;494212
55;-30;65;185295
50;-75;50;481135
50;-70;50;244193
55;-70;45;336130
55;-10;35;293550
55;-15;20;490436
55;-10;45;253389
45;-105;15;432200
45;-105;20;559526
45;-105;25;563433
45;-105;30;562944
45;-105;35;548338
45;-105;40;414448
45;-105;45;389051
45;-105;50;290336
45;-105;55;235233
45;-105;60;235908
55;-15;10;312198
50;-70;60;197244
55;-70;55;185606
55;-15;45;229740
55;-15;50;106470
55;-20;50;186555
55;-25;35;425628
55;-20;5;299699
50;-40;30;124959
55;-25;45;526083
55;-25;10;408433
50;-35;20;221346
50;-85;65;206354
50;-80;70;276150
50;-85;70;189864
55;-30;25;245621
50;-70;65;143523
55;-30;30;288832
55;-20;55;280362
55;-25;50;291502
50;-70;30;137067
55;-90;60;206803
50;-95;60;223922
55;-90;55;352288
55;-95;55;235233
50;-85;30;505242
55;-80;25;318612
55;-80;30;370141
55;-35;55;287060
55;-30;60;208574
55;-35;60;250818
50;-85;45;390759
50;-80;50;419363
50;-85;50;374052
55;-35;30;213015
55;-30;20;342272
50;-85;60;381456
50;-80;65;317585
55;-75;30;210825
50;-75;70;216822
55;-30;15;324969
55;-30;45;510010
55;-30;50;347823
55;-30;55;342540
55;-15;5;323267
55;-35;25;230088
55;-35;50;391051
50;-75;25;205927
50;-80;35;432226
50;-80;45;442843
50;-80;55;487490
50;-85;15;514613
50;-90;45;437814
50;-90;40;492244
50;-95;40;435801
50;-90;50;329587
50;-90;55;355541
50;-95;50;337022
50;-90;60;287054
50;-95;55;322888
50;-90;65;158010
50;-85;55;410669
50;-90;15;514689
50;-90;10;398202
50;-95;10;282408
50;-75;20;252175
50;-80;20;463297
50;-85;20;534427
50;-85;25;506967
50;-80;75;195840
55;-90;15;561071
55;-90;10;379459
55;-95;10;232499
50;-85;10;441022
50;-90;35;513953
50;-95;35;484045
55;-25;55;350517
50;-95;5;267699
50;-100;10;263589
50;-95;25;543360
50;-100;20;466059
50;-95;30;543198
50;-100;25;503104
50;-100;30;520976
50;-90;30;536781
50;-90;25;524600
50;-100;35;529045
50;-100;40;362887
50;-100;45;374229
50;-100;50;237910
55;-40;40;184081
55;-40;45;160044
55;-40;50;343164
50;-90;20;573733
55;-85;45;434337
55;-80;50;391197
55;-85;50;366239
55;-75;55;487364
55;-80;35;378043
50;-105;10;307931
55;-80;20;359631
55;-85;20;538674
55;-80;40;478233
55;-80;10;317906
55;-80;15;246680
50;-105;15;395592
50;-105;20;427950
50;-105;25;464736
50;-105;30;527676
50;-105;35;529514
50;-105;40;526132
50;-105;45;305014
50;-105;50;306279
55;-70;50;437354
55;-85;25;474810
55;-85;30;505778
55;-85;35;522448
55;-85;40;499606
55;-85;60;369513
55;-80;65;348384
55;-85;65;240935
55;-85;5;431520
55;-90;5;256349
55;-85;15;487953
55;-90;50;409272
55;-95;45;389051
55;-95;50;290336
55;-75;45;484593
55;-75;50;470865
55;-95;20;559526
55;-95;15;432200
55;-100;15;395592
55;-80;45;451088
55;-80;55;498577
55;-80;60;449616
55;-85;55;422346
55;-75;20;126630
55;-75;25;131095
55;-65;45;153791
55;-85;10;357295
55;-90;35;541384
55;-95;35;548338
55;-100;10;307931
55;-95;25;563433
55;-100;20;427950
55;-95;30;562944
55;-100;25;464736
55;-100;30;527676
55;-90;30;532952
55;-90;25;562587
55;-100;35;529514
55;-100;40;526132
55;-100;45;305014
55;-90;20;596549
55;-95;60;235908
55;-100;50;306279
55;-105;10;514185
55;-105;5;634263
55;-105;15;407987
55;-105;20;465123
55;-105;25;386711
55;-105;30;428188
55;-105;35;486625
55;-105;40;489653
55;-105;45;503212
55;-105;50;290859
